,session,code,group,id_in_group,round,arrival,choice,certainty,bonus,strategy,simple,cutoff,fault,payoff
0,px95dqer,awyxy9kj,2,1,1,8.1,1.0,0.875,-0.13,,,,,0.0
1,px95dqer,r6ol7nz6,2,2,1,8.0,1.0,0.99,-0.01,,,,,0.0
2,px95dqer,awyxy9kj,2,1,2,8.1,0.0,0.99,-9.21,,,,,0.0
3,px95dqer,r6ol7nz6,2,2,2,8.0,1.0,0.99,-9.21,,,,,0.0
4,px95dqer,awyxy9kj,2,1,3,8.2,1.0,0.5,-0.69,,,,,0.0
5,px95dqer,r6ol7nz6,2,2,3,8.3,1.0,0.5,-0.69,,,,,0.0
6,px95dqer,awyxy9kj,2,1,4,8.1,1.0,0.99,-0.01,,,,,0.0
7,px95dqer,r6ol7nz6,2,2,4,8.0,1.0,0.99,-0.01,,,,,0.0
8,px95dqer,awyxy9kj,2,1,5,8.2,1.0,0.99,-0.01,,,,,0.0
9,px95dqer,r6ol7nz6,2,2,5,8.3,1.0,0.5,-0.69,,,,,0.0
10,px95dqer,awyxy9kj,2,1,6,8.5,1.0,0.99,-9.21,,,,,0.0
11,px95dqer,r6ol7nz6,2,2,6,9.0,0.0,0.99,-9.21,,,,,0.0
12,px95dqer,awyxy9kj,2,1,7,8.5,1.0,0.99,-9.21,,,,,0.0
13,px95dqer,r6ol7nz6,2,2,7,9.0,0.0,0.875,-4.16,,,,,0.0
14,px95dqer,awyxy9kj,2,1,8,9.0,0.0,0.99,-0.02,,,,,0.0
15,px95dqer,r6ol7nz6,2,2,8,8.5,0.0,0.75,-0.58,,,,,0.0
16,px95dqer,awyxy9kj,2,1,9,8.3,1.0,0.99,-0.01,,,,,0.0
17,px95dqer,r6ol7nz6,2,2,9,8.2,1.0,0.625,-0.47,,,,,0.0
18,px95dqer,awyxy9kj,2,1,10,9.0,0.0,0.99,-0.02,,,,,0.0
19,px95dqer,r6ol7nz6,2,2,10,8.5,0.0,0.875,-0.27,,,,,0.0
20,px95dqer,awyxy9kj,2,1,11,8.3,1.0,0.99,-0.01,,,,,0.0
21,px95dqer,r6ol7nz6,2,2,11,8.2,1.0,0.625,-0.47,,,,,0.0
22,px95dqer,awyxy9kj,2,1,12,8.1,1.0,0.99,-0.01,,,,,0.0
23,px95dqer,r6ol7nz6,2,2,12,8.0,1.0,0.99,-0.01,,,,,0.0
24,px95dqer,awyxy9kj,2,1,13,8.4,1.0,0.99,-0.01,,,,,0.0
25,px95dqer,r6ol7nz6,2,2,13,8.3,1.0,0.5,-0.69,,,,,0.0
26,px95dqer,awyxy9kj,2,1,14,8.1,1.0,0.99,-0.01,,,,,0.0
27,px95dqer,r6ol7nz6,2,2,14,8.0,1.0,0.875,-0.13,,,,,0.0
28,px95dqer,awyxy9kj,2,1,15,8.4,1.0,0.99,-9.21,Go big problem go home,1.0,8.5,1.0,0.0
29,px95dqer,r6ol7nz6,2,2,15,8.5,0.0,0.875,-4.16,"Tried to do what would be the optimal statistical given my information, and what mean time the other player has i.e. 8.30 and the assumption that he had the same strategy. This did not work out",2.0,7.0,2.0,0.0
30,px95dqer,b6erzgw2,3,1,1,8.1,1.0,0.99,-0.01,,,,,0.0
31,px95dqer,3bvejf44,3,2,1,8.0,1.0,0.99,-0.01,,,,,1.639999999999997
32,px95dqer,b6erzgw2,3,1,2,8.2,1.0,0.99,-0.01,,,,,0.0
33,px95dqer,3bvejf44,3,2,2,8.1,1.0,0.99,-0.01,,,,,1.639999999999997
34,px95dqer,b6erzgw2,3,1,3,8.3,1.0,0.99,-9.21,,,,,0.0
35,px95dqer,3bvejf44,3,2,3,8.4,0.0,0.875,-4.16,,,,,1.639999999999997
36,px95dqer,b6erzgw2,3,1,4,8.2,1.0,0.99,-0.01,,,,,0.0
37,px95dqer,3bvejf44,3,2,4,8.3,1.0,0.99,-0.01,,,,,1.639999999999997
38,px95dqer,b6erzgw2,3,1,5,8.2,1.0,0.99,-0.01,,,,,0.0
39,px95dqer,3bvejf44,3,2,5,8.3,1.0,0.99,-0.01,,,,,1.639999999999997
40,px95dqer,b6erzgw2,3,1,6,9.0,0.0,0.99,-0.02,,,,,0.0
41,px95dqer,3bvejf44,3,2,6,9.1,0.0,0.99,-0.02,,,,,1.639999999999997
42,px95dqer,b6erzgw2,3,1,7,8.4,1.0,0.99,-0.01,,,,,0.0
43,px95dqer,3bvejf44,3,2,7,8.3,1.0,0.99,-0.01,,,,,1.639999999999997
44,px95dqer,b6erzgw2,3,1,8,8.5,0.0,0.75,-2.77,,,,,0.0
45,px95dqer,3bvejf44,3,2,8,8.4,1.0,0.75,-2.77,,,,,1.639999999999997
46,px95dqer,b6erzgw2,3,1,9,8.2,1.0,0.99,-0.01,,,,,0.0
47,px95dqer,3bvejf44,3,2,9,8.1,1.0,0.99,-0.01,,,,,1.639999999999997
48,px95dqer,b6erzgw2,3,1,10,8.2,1.0,0.99,-0.01,,,,,0.0
49,px95dqer,3bvejf44,3,2,10,8.1,1.0,0.99,-0.01,,,,,1.639999999999997
50,px95dqer,b6erzgw2,3,1,11,8.1,1.0,0.99,-0.01,,,,,0.0
51,px95dqer,3bvejf44,3,2,11,8.2,1.0,0.99,-0.01,,,,,1.639999999999997
52,px95dqer,b6erzgw2,3,1,12,8.5,1.0,0.875,-0.13,,,,,0.0
53,px95dqer,3bvejf44,3,2,12,8.4,1.0,0.75,-0.29,,,,,1.639999999999997
54,px95dqer,b6erzgw2,3,1,13,8.1,1.0,0.99,-0.01,,,,,0.0
55,px95dqer,3bvejf44,3,2,13,8.0,1.0,0.99,-0.01,,,,,1.639999999999997
56,px95dqer,b6erzgw2,3,1,14,8.1,1.0,0.99,-0.01,,,,,0.0
57,px95dqer,3bvejf44,3,2,14,8.0,1.0,0.99,-0.01,,,,,1.639999999999997
58,px95dqer,b6erzgw2,3,1,15,9.0,0.0,0.99,-0.02,,,,,0.0
59,px95dqer,3bvejf44,3,2,15,9.1,0.0,0.99,-0.02,,,,,1.639999999999997
60,px95dqer,b6erzgw2,3,1,16,8.1,1.0,0.99,-0.01,,,,,0.0
61,px95dqer,3bvejf44,3,2,16,8.2,1.0,0.99,-0.01,,,,,1.639999999999997
62,px95dqer,b6erzgw2,3,1,17,8.5,1.0,0.99,-0.01,,,,,0.0
63,px95dqer,3bvejf44,3,2,17,8.4,1.0,0.99,-0.01,,,,,1.639999999999997
64,px95dqer,b6erzgw2,3,1,18,8.5,1.0,0.99,-9.21,,,,,0.0
65,px95dqer,3bvejf44,3,2,18,9.0,0.0,0.99,-9.21,,,,,1.639999999999997
66,px95dqer,b6erzgw2,3,1,19,9.0,0.0,0.99,-0.02,,,,,0.0
67,px95dqer,3bvejf44,3,2,19,8.5,0.0,0.75,-0.58,,,,,1.639999999999997
68,px95dqer,b6erzgw2,3,1,20,8.2,1.0,0.99,-0.01,,,,,0.0
69,px95dqer,3bvejf44,3,2,20,8.3,1.0,0.99,-0.01,,,,,1.639999999999997
70,px95dqer,b6erzgw2,3,1,21,8.3,1.0,0.99,-0.01,,,,,0.0
71,px95dqer,3bvejf44,3,2,21,8.4,1.0,0.99,-0.01,,,,,1.639999999999997
72,px95dqer,b6erzgw2,3,1,22,8.5,1.0,0.625,-1.96,,,,,0.0
73,px95dqer,3bvejf44,3,2,22,9.0,1.0,0.99,-9.21,,,,,1.639999999999997
74,px95dqer,b6erzgw2,3,1,23,8.4,1.0,0.99,-9.21,Trying to figure out a pattern in my colleagues answers.,1.0,8.5,3.0,0.0
75,px95dqer,3bvejf44,3,2,23,8.5,0.0,0.625,-1.96,8.50 seemed to be the treshhold between the catine and the office.  Around that area I was more uncertain (or that became the tactic in the end).,1.0,8.5,2.0,1.639999999999997
76,px95dqer,2910zpm1,5,1,1,9.0,0.0,0.625,-0.94,,,,,8.229999999999997
77,px95dqer,ia2nt1g7,5,2,1,9.1,0.0,0.99,-0.02,,,,,14.510000000000002
78,px95dqer,2910zpm1,5,1,2,8.2,1.0,0.99,-0.01,,,,,8.229999999999997
79,px95dqer,ia2nt1g7,5,2,2,8.3,1.0,0.99,-0.01,,,,,14.510000000000002
80,px95dqer,2910zpm1,5,1,3,8.2,1.0,0.99,-0.01,,,,,8.229999999999997
81,px95dqer,ia2nt1g7,5,2,3,8.1,1.0,0.99,-0.01,,,,,14.510000000000002
82,px95dqer,2910zpm1,5,1,4,8.3,1.0,0.99,-0.01,,,,,8.229999999999997
83,px95dqer,ia2nt1g7,5,2,4,8.4,1.0,0.75,-0.29,,,,,14.510000000000002
84,px95dqer,2910zpm1,5,1,5,8.5,1.0,0.75,-0.29,,,,,8.229999999999997
85,px95dqer,ia2nt1g7,5,2,5,8.4,1.0,0.75,-0.29,,,,,14.510000000000002
86,px95dqer,2910zpm1,5,1,6,9.0,0.0,0.875,-0.27,,,,,8.229999999999997
87,px95dqer,ia2nt1g7,5,2,6,9.1,0.0,0.99,-0.02,,,,,14.510000000000002
88,px95dqer,2910zpm1,5,1,7,8.2,1.0,0.99,-0.01,,,,,8.229999999999997
89,px95dqer,ia2nt1g7,5,2,7,8.3,1.0,0.99,-0.01,,,,,14.510000000000002
90,px95dqer,2910zpm1,5,1,8,8.1,1.0,0.99,-0.01,,,,,8.229999999999997
91,px95dqer,ia2nt1g7,5,2,8,8.2,1.0,0.99,-0.01,,,,,14.510000000000002
92,px95dqer,2910zpm1,5,1,9,8.4,1.0,0.99,-0.01,,,,,8.229999999999997
93,px95dqer,ia2nt1g7,5,2,9,8.3,1.0,0.875,-0.13,,,,,14.510000000000002
94,px95dqer,2910zpm1,5,1,10,8.2,1.0,0.99,-0.01,,,,,8.229999999999997
95,px95dqer,ia2nt1g7,5,2,10,8.3,1.0,0.99,-0.01,,,,,14.510000000000002
96,px95dqer,2910zpm1,5,1,11,8.3,1.0,0.99,-0.01,,,,,8.229999999999997
97,px95dqer,ia2nt1g7,5,2,11,8.4,1.0,0.875,-0.13,,,,,14.510000000000002
98,px95dqer,2910zpm1,5,1,12,8.3,1.0,0.99,-0.01,,,,,8.229999999999997
99,px95dqer,ia2nt1g7,5,2,12,8.4,1.0,0.875,-0.13,,,,,14.510000000000002
100,px95dqer,2910zpm1,5,1,13,8.5,1.0,0.75,-2.77,,,,,8.229999999999997
101,px95dqer,ia2nt1g7,5,2,13,9.0,0.0,0.625,-1.96,,,,,14.510000000000002
102,px95dqer,2910zpm1,5,1,14,8.5,1.0,0.75,-2.77,,,,,8.229999999999997
103,px95dqer,ia2nt1g7,5,2,14,9.0,0.0,0.5,-1.39,,,,,14.510000000000002
104,px95dqer,2910zpm1,5,1,15,8.1,1.0,0.99,-0.01,,,,,8.229999999999997
105,px95dqer,ia2nt1g7,5,2,15,8.2,1.0,0.99,-0.01,,,,,14.510000000000002
106,px95dqer,2910zpm1,5,1,16,8.3,1.0,0.99,-0.01,,,,,8.229999999999997
107,px95dqer,ia2nt1g7,5,2,16,8.4,1.0,0.99,-0.01,,,,,14.510000000000002
108,px95dqer,2910zpm1,5,1,17,8.4,1.0,0.99,-0.01,,,,,8.229999999999997
109,px95dqer,ia2nt1g7,5,2,17,8.5,1.0,0.75,-0.29,,,,,14.510000000000002
110,px95dqer,2910zpm1,5,1,18,8.5,0.0,0.75,-2.77,,,,,8.229999999999997
111,px95dqer,ia2nt1g7,5,2,18,9.0,1.0,0.625,-1.96,,,,,14.510000000000002
112,px95dqer,2910zpm1,5,1,19,8.4,1.0,0.99,-0.01,,,,,8.229999999999997
113,px95dqer,ia2nt1g7,5,2,19,8.3,1.0,0.99,-0.01,,,,,14.510000000000002
114,px95dqer,2910zpm1,5,1,20,8.5,1.0,0.875,-4.16,,,,,8.229999999999997
115,px95dqer,ia2nt1g7,5,2,20,9.0,0.0,0.75,-2.77,,,,,14.510000000000002
116,px95dqer,2910zpm1,5,1,21,9.0,0.0,0.875,-0.27,,,,,8.229999999999997
117,px95dqer,ia2nt1g7,5,2,21,9.1,0.0,0.99,-0.02,,,,,14.510000000000002
118,px95dqer,2910zpm1,5,1,22,8.5,1.0,0.875,-0.13,,,,,8.229999999999997
119,px95dqer,ia2nt1g7,5,2,22,8.4,1.0,0.99,-0.01,,,,,14.510000000000002
120,px95dqer,2910zpm1,5,1,23,8.2,1.0,0.99,-0.01,,,,,8.229999999999997
121,px95dqer,ia2nt1g7,5,2,23,8.3,1.0,0.99,-0.01,,,,,14.510000000000002
122,px95dqer,2910zpm1,5,1,24,8.3,1.0,0.99,-0.01,,,,,8.229999999999997
123,px95dqer,ia2nt1g7,5,2,24,8.2,1.0,0.99,-0.01,,,,,14.510000000000002
124,px95dqer,2910zpm1,5,1,25,9.0,0.0,0.875,-4.16,,,,,8.229999999999997
125,px95dqer,ia2nt1g7,5,2,25,8.5,1.0,0.75,-2.77,,,,,14.510000000000002
126,px95dqer,2910zpm1,5,1,26,8.1,1.0,0.99,-0.01,,,,,8.229999999999997
127,px95dqer,ia2nt1g7,5,2,26,8.2,1.0,0.99,-0.01,,,,,14.510000000000002
128,px95dqer,2910zpm1,5,1,27,8.3,1.0,0.99,-0.01,,,,,8.229999999999997
129,px95dqer,ia2nt1g7,5,2,27,8.4,1.0,0.75,-0.29,,,,,14.510000000000002
130,px95dqer,2910zpm1,5,1,28,8.5,1.0,0.75,-0.29,,,,,8.229999999999997
131,px95dqer,ia2nt1g7,5,2,28,8.4,1.0,0.875,-0.13,,,,,14.510000000000002
132,px95dqer,2910zpm1,5,1,29,8.5,1.0,0.75,-2.77,,,,,8.229999999999997
133,px95dqer,ia2nt1g7,5,2,29,9.0,0.0,0.75,-2.77,,,,,14.510000000000002
134,px95dqer,2910zpm1,5,1,30,8.1,1.0,0.99,-0.01,9:00 -> office.  Otherwise -> canteen.,1.0,9.0,,8.229999999999997
135,px95dqer,ia2nt1g7,5,2,30,8.2,1.0,0.99,-0.01,"Went to the canteen almost everytime as long as i arrived at berfore 9:00, and was very certain. If i arived at 8:50 or 9:00 i switched between canteen and office and was less certain. If i arrived at 9:10 i choose the office and was very certain.  I figured that my partner prioritized the canteen even if my partner arrived at 8:50 so i tried to match.",1.0,8.4,,14.510000000000002
136,px95dqer,dy01d3ti,6,1,1,8.2,1.0,0.75,-0.29,,,,,0.0
137,px95dqer,354c0pma,6,2,1,8.1,1.0,0.5,-0.69,,,,,6.710000000000001
138,px95dqer,dy01d3ti,6,1,2,9.0,1.0,0.99,-9.21,,,,,0.0
139,px95dqer,354c0pma,6,2,2,8.5,0.0,0.875,-4.16,,,,,6.710000000000001
140,px95dqer,dy01d3ti,6,1,3,8.5,0.0,0.875,-0.27,,,,,0.0
141,px95dqer,354c0pma,6,2,3,9.0,0.0,0.99,-0.02,,,,,6.710000000000001
142,px95dqer,dy01d3ti,6,1,4,9.0,1.0,0.625,-1.96,,,,,0.0
143,px95dqer,354c0pma,6,2,4,9.1,0.0,0.99,-9.21,,,,,6.710000000000001
144,px95dqer,dy01d3ti,6,1,5,8.2,1.0,0.99,-0.01,,,,,0.0
145,px95dqer,354c0pma,6,2,5,8.3,1.0,0.75,-0.29,,,,,6.710000000000001
146,px95dqer,dy01d3ti,6,1,6,9.0,0.0,0.99,-0.02,,,,,0.0
147,px95dqer,354c0pma,6,2,6,9.1,0.0,0.99,-0.02,,,,,6.710000000000001
148,px95dqer,dy01d3ti,6,1,7,8.5,1.0,0.99,-9.21,,,,,0.0
149,px95dqer,354c0pma,6,2,7,9.0,0.0,0.625,-1.96,,,,,6.710000000000001
150,px95dqer,dy01d3ti,6,1,8,8.5,1.0,0.5,-1.39,,,,,0.0
151,px95dqer,354c0pma,6,2,8,9.0,0.0,0.875,-4.16,,,,,6.710000000000001
152,px95dqer,dy01d3ti,6,1,9,8.2,0.0,0.5,-1.39,,,,,0.0
153,px95dqer,354c0pma,6,2,9,8.1,1.0,0.5,-1.39,,,,,6.710000000000001
154,px95dqer,dy01d3ti,6,1,10,9.0,1.0,0.99,-9.21,Danish strategy u go by canteen by friday morning no matter wjat,1.0,9.0,2.0,0.0
155,px95dqer,354c0pma,6,2,10,9.1,0.0,0.5,-1.39,"At first, I assumed the partner would arrive at about the same time. I became more uncertain about this assumption as the game continued.    The later I arrived, the more certain I was we'd go to the office. The earlier I met, then I'd assume we'd have time for the canteen.    Later on, I'd simply say I was very uncertain to minimize my losses.    As a player thought, I never felt there was consequences for being late at the office. So my partner could go to canteen when I arrived at 9:00.",1.0,8.5,2.0,6.710000000000001
192,px95dqer,95r4cajr,9,1,1,8.5,0.0,0.875,-0.27,,,,,9.479999999999997
193,px95dqer,bykshrd2,9,2,1,9.0,0.0,0.625,-0.94,,,,,0.0
194,px95dqer,95r4cajr,9,1,2,8.5,0.0,0.875,-4.16,,,,,9.479999999999997
195,px95dqer,bykshrd2,9,2,2,8.4,1.0,0.99,-9.21,,,,,0.0
196,px95dqer,95r4cajr,9,1,3,8.2,1.0,0.99,-0.01,,,,,9.479999999999997
197,px95dqer,bykshrd2,9,2,3,8.1,1.0,0.99,-0.01,,,,,0.0
198,px95dqer,95r4cajr,9,1,4,9.0,0.0,0.99,-0.02,,,,,9.479999999999997
199,px95dqer,bykshrd2,9,2,4,9.1,0.0,0.99,-0.02,,,,,0.0
200,px95dqer,95r4cajr,9,1,5,9.0,0.0,0.99,-0.02,,,,,9.479999999999997
201,px95dqer,bykshrd2,9,2,5,9.1,0.0,0.99,-0.02,,,,,0.0
202,px95dqer,95r4cajr,9,1,6,8.4,1.0,0.99,-0.01,,,,,9.479999999999997
203,px95dqer,bykshrd2,9,2,6,8.3,1.0,0.99,-0.01,,,,,0.0
204,px95dqer,95r4cajr,9,1,7,8.5,1.0,0.75,-2.77,,,,,9.479999999999997
205,px95dqer,bykshrd2,9,2,7,9.0,0.0,0.875,-4.16,,,,,0.0
206,px95dqer,95r4cajr,9,1,8,8.3,1.0,0.99,-0.01,,,,,9.479999999999997
207,px95dqer,bykshrd2,9,2,8,8.4,1.0,0.99,-0.01,,,,,0.0
208,px95dqer,95r4cajr,9,1,9,9.0,0.0,0.875,-0.27,,,,,9.479999999999997
209,px95dqer,bykshrd2,9,2,9,8.5,0.0,0.75,-0.58,,,,,0.0
210,px95dqer,95r4cajr,9,1,10,8.4,1.0,0.99,-9.21,,,,,9.479999999999997
211,px95dqer,bykshrd2,9,2,10,8.5,0.0,0.99,-9.21,,,,,0.0
212,px95dqer,95r4cajr,9,1,11,8.5,0.0,0.75,-0.58,,,,,9.479999999999997
213,px95dqer,bykshrd2,9,2,11,9.0,0.0,0.99,-0.02,,,,,0.0
214,px95dqer,95r4cajr,9,1,12,8.2,1.0,0.99,-0.01,,,,,9.479999999999997
215,px95dqer,bykshrd2,9,2,12,8.3,1.0,0.99,-0.01,,,,,0.0
216,px95dqer,95r4cajr,9,1,13,9.0,0.0,0.99,-0.02,,,,,9.479999999999997
217,px95dqer,bykshrd2,9,2,13,9.1,0.0,0.99,-0.02,,,,,0.0
218,px95dqer,95r4cajr,9,1,14,9.0,0.0,0.99,-0.02,,,,,9.479999999999997
219,px95dqer,bykshrd2,9,2,14,9.1,0.0,0.99,-0.02,,,,,0.0
220,px95dqer,95r4cajr,9,1,15,8.2,1.0,0.99,-0.01,,,,,9.479999999999997
221,px95dqer,bykshrd2,9,2,15,8.1,1.0,0.99,-0.01,,,,,0.0
222,px95dqer,95r4cajr,9,1,16,8.3,1.0,0.99,-0.01,,,,,9.479999999999997
223,px95dqer,bykshrd2,9,2,16,8.4,1.0,0.875,-0.13,,,,,0.0
224,px95dqer,95r4cajr,9,1,17,9.0,0.0,0.99,-0.02,,,,,9.479999999999997
225,px95dqer,bykshrd2,9,2,17,8.5,0.0,0.75,-0.58,,,,,0.0
226,px95dqer,95r4cajr,9,1,18,8.2,1.0,0.99,-0.01,,,,,9.479999999999997
227,px95dqer,bykshrd2,9,2,18,8.3,1.0,0.99,-0.01,,,,,0.0
228,px95dqer,95r4cajr,9,1,19,8.5,1.0,0.75,-0.29,,,,,9.479999999999997
229,px95dqer,bykshrd2,9,2,19,8.4,1.0,0.875,-0.13,,,,,0.0
230,px95dqer,95r4cajr,9,1,20,8.4,1.0,0.99,-0.01,,,,,9.479999999999997
231,px95dqer,bykshrd2,9,2,20,8.3,1.0,0.99,-0.01,,,,,0.0
232,px95dqer,95r4cajr,9,1,21,8.1,1.0,0.99,-0.01,,,,,9.479999999999997
233,px95dqer,bykshrd2,9,2,21,8.0,1.0,0.99,-0.01,,,,,0.0
234,px95dqer,95r4cajr,9,1,22,8.3,1.0,0.99,-0.01,,,,,9.479999999999997
235,px95dqer,bykshrd2,9,2,22,8.4,1.0,0.99,-0.01,,,,,0.0
236,px95dqer,95r4cajr,9,1,23,8.5,0.0,0.75,-2.77,Choose Uncertain for a time close to the threshold,1.0,8.4,2.0,9.479999999999997
237,px95dqer,bykshrd2,9,2,23,8.4,1.0,0.99,-9.21,On edge case (starting after 8.40) we coordinated after a few wrong tries.  Mostly I have used the worst case scenario of what my opponent is seeing.,1.0,8.4,1.0,0.0
246,px95dqer,rqot027h,11,1,1,8.3,1.0,0.99,-0.01,,,,,5.739999999999991
247,px95dqer,qjr6j2nr,11,2,1,8.4,1.0,0.99,-0.01,,,,,19.5
248,px95dqer,rqot027h,11,1,2,8.1,1.0,0.99,-0.01,,,,,5.739999999999991
249,px95dqer,qjr6j2nr,11,2,2,8.2,1.0,0.99,-0.01,,,,,19.5
250,px95dqer,rqot027h,11,1,3,8.2,1.0,0.99,-0.01,,,,,5.739999999999991
251,px95dqer,qjr6j2nr,11,2,3,8.3,1.0,0.99,-0.01,,,,,19.5
252,px95dqer,rqot027h,11,1,4,8.4,1.0,0.99,-0.01,,,,,5.739999999999991
253,px95dqer,qjr6j2nr,11,2,4,8.3,1.0,0.99,-0.01,,,,,19.5
254,px95dqer,rqot027h,11,1,5,8.3,1.0,0.99,-0.01,,,,,5.739999999999991
255,px95dqer,qjr6j2nr,11,2,5,8.4,1.0,0.99,-0.01,,,,,19.5
256,px95dqer,rqot027h,11,1,6,9.0,0.0,0.99,-0.02,,,,,5.739999999999991
257,px95dqer,qjr6j2nr,11,2,6,9.1,0.0,0.99,-0.02,,,,,19.5
258,px95dqer,rqot027h,11,1,7,8.5,1.0,0.875,-4.16,,,,,5.739999999999991
259,px95dqer,qjr6j2nr,11,2,7,9.0,0.0,0.75,-2.77,,,,,19.5
260,px95dqer,rqot027h,11,1,8,8.4,1.0,0.99,-0.01,,,,,5.739999999999991
261,px95dqer,qjr6j2nr,11,2,8,8.5,1.0,0.875,-0.13,,,,,19.5
262,px95dqer,rqot027h,11,1,9,8.1,1.0,0.99,-0.01,,,,,5.739999999999991
263,px95dqer,qjr6j2nr,11,2,9,8.2,1.0,0.99,-0.01,,,,,19.5
264,px95dqer,rqot027h,11,1,10,8.3,1.0,0.99,-0.01,,,,,5.739999999999991
265,px95dqer,qjr6j2nr,11,2,10,8.2,1.0,0.99,-0.01,,,,,19.5
266,px95dqer,rqot027h,11,1,11,9.0,0.0,0.99,-0.02,,,,,5.739999999999991
267,px95dqer,qjr6j2nr,11,2,11,9.1,0.0,0.99,-0.02,,,,,19.5
268,px95dqer,rqot027h,11,1,12,8.5,1.0,0.99,-0.01,,,,,5.739999999999991
269,px95dqer,qjr6j2nr,11,2,12,8.4,1.0,0.99,-0.01,,,,,19.5
270,px95dqer,rqot027h,11,1,13,8.1,1.0,0.99,-0.01,,,,,5.739999999999991
271,px95dqer,qjr6j2nr,11,2,13,8.0,1.0,0.99,-0.01,,,,,19.5
272,px95dqer,rqot027h,11,1,14,8.3,1.0,0.99,-0.01,,,,,5.739999999999991
273,px95dqer,qjr6j2nr,11,2,14,8.4,1.0,0.99,-0.01,,,,,19.5
274,px95dqer,rqot027h,11,1,15,8.2,1.0,0.99,-0.01,,,,,5.739999999999991
275,px95dqer,qjr6j2nr,11,2,15,8.3,1.0,0.99,-0.01,,,,,19.5
276,px95dqer,rqot027h,11,1,16,9.0,0.0,0.99,-0.02,,,,,5.739999999999991
277,px95dqer,qjr6j2nr,11,2,16,9.1,0.0,0.99,-0.02,,,,,19.5
278,px95dqer,rqot027h,11,1,17,8.3,1.0,0.99,-0.01,,,,,5.739999999999991
279,px95dqer,qjr6j2nr,11,2,17,8.4,1.0,0.99,-0.01,,,,,19.5
280,px95dqer,rqot027h,11,1,18,8.5,1.0,0.99,-9.21,,,,,5.739999999999991
281,px95dqer,qjr6j2nr,11,2,18,9.0,0.0,0.75,-2.77,,,,,19.5
282,px95dqer,rqot027h,11,1,19,8.2,1.0,0.99,-0.01,,,,,5.739999999999991
283,px95dqer,qjr6j2nr,11,2,19,8.3,1.0,0.99,-0.01,,,,,19.5
284,px95dqer,rqot027h,11,1,20,8.1,1.0,0.99,-0.01,,,,,5.739999999999991
285,px95dqer,qjr6j2nr,11,2,20,8.2,1.0,0.99,-0.01,,,,,19.5
286,px95dqer,rqot027h,11,1,21,8.4,1.0,0.99,-0.01,,,,,5.739999999999991
287,px95dqer,qjr6j2nr,11,2,21,8.3,1.0,0.99,-0.01,,,,,19.5
288,px95dqer,rqot027h,11,1,22,8.2,1.0,0.99,-0.01,,,,,5.739999999999991
289,px95dqer,qjr6j2nr,11,2,22,8.1,1.0,0.99,-0.01,,,,,19.5
290,px95dqer,rqot027h,11,1,23,8.4,1.0,0.99,-0.01,,,,,5.739999999999991
291,px95dqer,qjr6j2nr,11,2,23,8.3,1.0,0.99,-0.01,,,,,19.5
292,px95dqer,rqot027h,11,1,24,8.4,1.0,0.99,-0.01,,,,,5.739999999999991
293,px95dqer,qjr6j2nr,11,2,24,8.5,1.0,0.875,-0.13,,,,,19.5
294,px95dqer,rqot027h,11,1,25,9.0,0.0,0.99,-9.21,,,,,5.739999999999991
295,px95dqer,qjr6j2nr,11,2,25,8.5,1.0,0.875,-4.16,,,,,19.5
296,px95dqer,rqot027h,11,1,26,8.2,1.0,0.99,-0.01,,,,,5.739999999999991
297,px95dqer,qjr6j2nr,11,2,26,8.1,1.0,0.99,-0.01,,,,,19.5
298,px95dqer,rqot027h,11,1,27,8.1,1.0,0.99,-0.01,,,,,5.739999999999991
299,px95dqer,qjr6j2nr,11,2,27,8.2,1.0,0.99,-0.01,,,,,19.5
300,px95dqer,rqot027h,11,1,28,9.0,0.0,0.5,-1.39,,,,,5.739999999999991
301,px95dqer,qjr6j2nr,11,2,28,9.1,0.0,0.875,-0.27,,,,,19.5
302,px95dqer,rqot027h,11,1,29,8.4,1.0,0.99,-0.01,,,,,5.739999999999991
303,px95dqer,qjr6j2nr,11,2,29,8.3,1.0,0.99,-0.01,,,,,19.5
304,px95dqer,rqot027h,11,1,30,8.3,1.0,0.99,-0.01,A bad one,1.0,8.4,,5.739999999999991
305,px95dqer,qjr6j2nr,11,2,30,8.2,1.0,0.99,-0.01,"Because I knew that my friend would arrive within 10 minutes of me, I simply went to the canteen if I arrived before 8:50 or straight to the office if I arrived after 9:10. The only time to be unsure in the range 8:50-9:10, of which I could only make a qualified guess based on what end of the range I arrived in.",1.0,8.4,,19.5
306,px95dqer,iie9gnub,12,1,1,8.2,1.0,0.99,-0.01,,,,,4.709999999999997
307,px95dqer,tzahpbo1,12,2,1,8.1,1.0,0.99,-0.01,,,,,0.8099999999999916
308,px95dqer,iie9gnub,12,1,2,8.4,1.0,0.99,-0.01,,,,,4.709999999999997
309,px95dqer,tzahpbo1,12,2,2,8.3,1.0,0.99,-0.01,,,,,0.8099999999999916
310,px95dqer,iie9gnub,12,1,3,8.5,1.0,0.875,-0.13,,,,,4.709999999999997
311,px95dqer,tzahpbo1,12,2,3,8.4,1.0,0.875,-0.13,,,,,0.8099999999999916
312,px95dqer,iie9gnub,12,1,4,8.2,1.0,0.99,-0.01,,,,,4.709999999999997
313,px95dqer,tzahpbo1,12,2,4,8.3,1.0,0.99,-0.01,,,,,0.8099999999999916
314,px95dqer,iie9gnub,12,1,5,8.2,1.0,0.99,-0.01,,,,,4.709999999999997
315,px95dqer,tzahpbo1,12,2,5,8.3,1.0,0.99,-0.01,,,,,0.8099999999999916
316,px95dqer,iie9gnub,12,1,6,8.2,1.0,0.99,-0.01,,,,,4.709999999999997
317,px95dqer,tzahpbo1,12,2,6,8.3,1.0,0.99,-0.01,,,,,0.8099999999999916
318,px95dqer,iie9gnub,12,1,7,9.0,0.0,0.75,-0.58,,,,,4.709999999999997
319,px95dqer,tzahpbo1,12,2,7,9.1,0.0,0.99,-0.02,,,,,0.8099999999999916
320,px95dqer,iie9gnub,12,1,8,8.2,1.0,0.99,-0.01,,,,,4.709999999999997
321,px95dqer,tzahpbo1,12,2,8,8.3,1.0,0.99,-0.01,,,,,0.8099999999999916
322,px95dqer,iie9gnub,12,1,9,8.3,1.0,0.99,-0.01,,,,,4.709999999999997
323,px95dqer,tzahpbo1,12,2,9,8.4,1.0,0.99,-0.01,,,,,0.8099999999999916
324,px95dqer,iie9gnub,12,1,10,8.2,1.0,0.99,-0.01,,,,,4.709999999999997
325,px95dqer,tzahpbo1,12,2,10,8.1,1.0,0.99,-0.01,,,,,0.8099999999999916
326,px95dqer,iie9gnub,12,1,11,8.5,0.0,0.875,-4.16,,,,,4.709999999999997
327,px95dqer,tzahpbo1,12,2,11,8.4,1.0,0.99,-9.21,,,,,0.8099999999999916
328,px95dqer,iie9gnub,12,1,12,8.5,0.0,0.75,-2.77,,,,,4.709999999999997
329,px95dqer,tzahpbo1,12,2,12,8.4,1.0,0.75,-2.77,,,,,0.8099999999999916
330,px95dqer,iie9gnub,12,1,13,8.5,0.0,0.99,-0.02,,,,,4.709999999999997
331,px95dqer,tzahpbo1,12,2,13,8.4,0.0,0.625,-0.94,,,,,0.8099999999999916
332,px95dqer,iie9gnub,12,1,14,9.0,0.0,0.75,-0.58,,,,,4.709999999999997
333,px95dqer,tzahpbo1,12,2,14,8.5,0.0,0.5,-1.39,,,,,0.8099999999999916
334,px95dqer,iie9gnub,12,1,15,8.4,1.0,0.99,-9.21,,,,,4.709999999999997
335,px95dqer,tzahpbo1,12,2,15,8.5,0.0,0.99,-9.21,,,,,0.8099999999999916
336,px95dqer,iie9gnub,12,1,16,9.0,0.0,0.99,-0.02,,,,,4.709999999999997
337,px95dqer,tzahpbo1,12,2,16,8.5,0.0,0.75,-0.58,,,,,0.8099999999999916
338,px95dqer,iie9gnub,12,1,17,8.3,1.0,0.99,-0.01,,,,,4.709999999999997
339,px95dqer,tzahpbo1,12,2,17,8.2,1.0,0.99,-0.01,,,,,0.8099999999999916
340,px95dqer,iie9gnub,12,1,18,8.3,1.0,0.99,-0.01,,,,,4.709999999999997
341,px95dqer,tzahpbo1,12,2,18,8.2,1.0,0.99,-0.01,,,,,0.8099999999999916
342,px95dqer,iie9gnub,12,1,19,9.0,0.0,0.75,-0.58,,,,,4.709999999999997
343,px95dqer,tzahpbo1,12,2,19,9.1,0.0,0.99,-0.02,,,,,0.8099999999999916
344,px95dqer,iie9gnub,12,1,20,8.3,1.0,0.99,-0.01,,,,,4.709999999999997
345,px95dqer,tzahpbo1,12,2,20,8.2,1.0,0.99,-0.01,,,,,0.8099999999999916
346,px95dqer,iie9gnub,12,1,21,8.1,1.0,0.99,-0.01,,,,,4.709999999999997
347,px95dqer,tzahpbo1,12,2,21,8.2,1.0,0.99,-0.01,,,,,0.8099999999999916
348,px95dqer,iie9gnub,12,1,22,8.2,1.0,0.99,-0.01,,,,,4.709999999999997
349,px95dqer,tzahpbo1,12,2,22,8.1,1.0,0.99,-0.01,,,,,0.8099999999999916
350,px95dqer,iie9gnub,12,1,23,8.1,1.0,0.99,-0.01,,,,,4.709999999999997
351,px95dqer,tzahpbo1,12,2,23,8.0,1.0,0.99,-0.01,,,,,0.8099999999999916
352,px95dqer,iie9gnub,12,1,24,8.1,1.0,0.99,-0.01,,,,,4.709999999999997
353,px95dqer,tzahpbo1,12,2,24,8.2,1.0,0.99,-0.01,,,,,0.8099999999999916
354,px95dqer,iie9gnub,12,1,25,8.5,0.0,0.75,-2.77,,,,,4.709999999999997
355,px95dqer,tzahpbo1,12,2,25,8.4,1.0,0.75,-2.77,,,,,0.8099999999999916
356,px95dqer,iie9gnub,12,1,26,8.1,1.0,0.99,-0.01,,,,,4.709999999999997
357,px95dqer,tzahpbo1,12,2,26,8.0,1.0,0.99,-0.01,,,,,0.8099999999999916
358,px95dqer,iie9gnub,12,1,27,8.1,1.0,0.99,-0.01,,,,,4.709999999999997
359,px95dqer,tzahpbo1,12,2,27,8.2,1.0,0.99,-0.01,,,,,0.8099999999999916
360,px95dqer,iie9gnub,12,1,28,8.4,1.0,0.875,-4.16,,,,,4.709999999999997
361,px95dqer,tzahpbo1,12,2,28,8.5,0.0,0.625,-1.96,,,,,0.8099999999999916
362,px95dqer,iie9gnub,12,1,29,8.4,1.0,0.875,-0.13,,,,,4.709999999999997
363,px95dqer,tzahpbo1,12,2,29,8.3,1.0,0.99,-0.01,,,,,0.8099999999999916
364,px95dqer,iie9gnub,12,1,30,8.2,1.0,0.99,-0.01,Almost always go for canteen and if in doubt show some uncertainty,1.0,8.2,,4.709999999999997
365,px95dqer,tzahpbo1,12,2,30,8.1,1.0,0.99,-0.01,We all love coffee so I assumed he was going for coffee unless my time was 9. My certainty decreased the closer to 9 it was and the more consecutive times we missed each other,1.0,8.4,,0.8099999999999916
366,px95dqer,7nkjqll8,13,1,1,8.2,1.0,0.875,-0.13,,,,,4.789999999999996
367,px95dqer,pg5q8er0,13,2,1,8.3,1.0,0.99,-0.01,,,,,18.1
368,px95dqer,7nkjqll8,13,1,2,8.4,1.0,0.875,-0.13,,,,,4.789999999999996
369,px95dqer,pg5q8er0,13,2,2,8.3,1.0,0.99,-0.01,,,,,18.1
370,px95dqer,7nkjqll8,13,1,3,9.0,0.0,0.875,-0.27,,,,,4.789999999999996
371,px95dqer,pg5q8er0,13,2,3,9.1,0.0,0.99,-0.02,,,,,18.1
372,px95dqer,7nkjqll8,13,1,4,9.0,0.0,0.99,-9.21,,,,,4.789999999999996
373,px95dqer,pg5q8er0,13,2,4,8.5,1.0,0.625,-1.96,,,,,18.1
374,px95dqer,7nkjqll8,13,1,5,8.4,1.0,0.99,-0.01,,,,,4.789999999999996
375,px95dqer,pg5q8er0,13,2,5,8.3,1.0,0.99,-0.01,,,,,18.1
376,px95dqer,7nkjqll8,13,1,6,8.5,1.0,0.875,-0.13,,,,,4.789999999999996
377,px95dqer,pg5q8er0,13,2,6,8.4,1.0,0.875,-0.13,,,,,18.1
378,px95dqer,7nkjqll8,13,1,7,8.4,1.0,0.99,-0.01,,,,,4.789999999999996
379,px95dqer,pg5q8er0,13,2,7,8.5,1.0,0.625,-0.47,,,,,18.1
380,px95dqer,7nkjqll8,13,1,8,8.2,1.0,0.99,-0.01,,,,,4.789999999999996
381,px95dqer,pg5q8er0,13,2,8,8.1,1.0,0.99,-0.01,,,,,18.1
382,px95dqer,7nkjqll8,13,1,9,8.4,1.0,0.99,-0.01,,,,,4.789999999999996
383,px95dqer,pg5q8er0,13,2,9,8.5,1.0,0.5,-0.69,,,,,18.1
384,px95dqer,7nkjqll8,13,1,10,8.2,1.0,0.875,-0.13,,,,,4.789999999999996
385,px95dqer,pg5q8er0,13,2,10,8.3,1.0,0.99,-0.01,,,,,18.1
386,px95dqer,7nkjqll8,13,1,11,8.2,1.0,0.99,-0.01,,,,,4.789999999999996
387,px95dqer,pg5q8er0,13,2,11,8.1,1.0,0.99,-0.01,,,,,18.1
388,px95dqer,7nkjqll8,13,1,12,8.1,1.0,0.99,-0.01,,,,,4.789999999999996
389,px95dqer,pg5q8er0,13,2,12,8.0,1.0,0.99,-0.01,,,,,18.1
390,px95dqer,7nkjqll8,13,1,13,9.0,0.0,0.75,-0.58,,,,,4.789999999999996
391,px95dqer,pg5q8er0,13,2,13,9.1,0.0,0.99,-0.02,,,,,18.1
392,px95dqer,7nkjqll8,13,1,14,8.5,1.0,0.875,-0.13,,,,,4.789999999999996
393,px95dqer,pg5q8er0,13,2,14,8.4,1.0,0.875,-0.13,,,,,18.1
394,px95dqer,7nkjqll8,13,1,15,8.1,1.0,0.99,-0.01,,,,,4.789999999999996
395,px95dqer,pg5q8er0,13,2,15,8.2,1.0,0.99,-0.01,,,,,18.1
396,px95dqer,7nkjqll8,13,1,16,8.4,1.0,0.875,-0.13,,,,,4.789999999999996
397,px95dqer,pg5q8er0,13,2,16,8.5,1.0,0.5,-0.69,,,,,18.1
398,px95dqer,7nkjqll8,13,1,17,9.0,0.0,0.99,-0.02,,,,,4.789999999999996
399,px95dqer,pg5q8er0,13,2,17,9.1,0.0,0.99,-0.02,,,,,18.1
400,px95dqer,7nkjqll8,13,1,18,8.2,1.0,0.99,-0.01,,,,,4.789999999999996
401,px95dqer,pg5q8er0,13,2,18,8.3,1.0,0.99,-0.01,,,,,18.1
402,px95dqer,7nkjqll8,13,1,19,8.2,1.0,0.99,-0.01,,,,,4.789999999999996
403,px95dqer,pg5q8er0,13,2,19,8.3,1.0,0.99,-0.01,,,,,18.1
404,px95dqer,7nkjqll8,13,1,20,8.3,1.0,0.99,-0.01,,,,,4.789999999999996
405,px95dqer,pg5q8er0,13,2,20,8.4,1.0,0.99,-0.01,,,,,18.1
406,px95dqer,7nkjqll8,13,1,21,8.4,1.0,0.99,-0.01,,,,,4.789999999999996
407,px95dqer,pg5q8er0,13,2,21,8.5,1.0,0.5,-0.69,,,,,18.1
408,px95dqer,7nkjqll8,13,1,22,9.0,0.0,0.99,-9.21,,,,,4.789999999999996
409,px95dqer,pg5q8er0,13,2,22,8.5,1.0,0.5,-1.39,,,,,18.1
410,px95dqer,7nkjqll8,13,1,23,8.2,1.0,0.99,-0.01,,,,,4.789999999999996
411,px95dqer,pg5q8er0,13,2,23,8.3,1.0,0.99,-0.01,,,,,18.1
412,px95dqer,7nkjqll8,13,1,24,9.0,0.0,0.875,-0.27,,,,,4.789999999999996
413,px95dqer,pg5q8er0,13,2,24,9.1,0.0,0.5,-1.39,,,,,18.1
414,px95dqer,7nkjqll8,13,1,25,8.4,1.0,0.99,-0.01,,,,,4.789999999999996
415,px95dqer,pg5q8er0,13,2,25,8.5,1.0,0.5,-0.69,,,,,18.1
416,px95dqer,7nkjqll8,13,1,26,8.4,1.0,0.99,-0.01,,,,,4.789999999999996
417,px95dqer,pg5q8er0,13,2,26,8.3,1.0,0.99,-0.01,,,,,18.1
418,px95dqer,7nkjqll8,13,1,27,9.0,0.0,0.875,-0.27,,,,,4.789999999999996
419,px95dqer,pg5q8er0,13,2,27,9.1,0.0,0.5,-1.39,,,,,18.1
420,px95dqer,7nkjqll8,13,1,28,9.0,0.0,0.875,-4.16,,,,,4.789999999999996
421,px95dqer,pg5q8er0,13,2,28,8.5,1.0,0.5,-1.39,,,,,18.1
422,px95dqer,7nkjqll8,13,1,29,8.4,1.0,0.99,-0.01,,,,,4.789999999999996
423,px95dqer,pg5q8er0,13,2,29,8.5,1.0,0.5,-0.69,,,,,18.1
424,px95dqer,7nkjqll8,13,1,30,8.5,1.0,0.75,-0.29,< 8.50 take canteen with high certainty.  9.00 take canteen/office with low certainty.   9.10 take office with medium certainty.,,,,4.789999999999996
425,px95dqer,pg5q8er0,13,2,30,8.4,1.0,0.99,-0.01,"if it was 8:50 or 9:00 it was uncertain that we made the same choice otherwise it was very certain that we made the same choice, for 8:50 or below i went to the canteen for 9:00 above I went to the office",1.0,8.3,,18.1
426,px95dqer,0d4kjemb,14,1,1,9.0,0.0,0.625,-1.96,,,,,16.64
427,px95dqer,fex2yomp,14,2,1,8.5,1.0,0.75,-2.77,,,,,0.0
428,px95dqer,0d4kjemb,14,1,2,8.1,1.0,0.99,-0.01,,,,,16.64
429,px95dqer,fex2yomp,14,2,2,8.0,1.0,0.5,-0.69,,,,,0.0
430,px95dqer,0d4kjemb,14,1,3,8.1,1.0,0.99,-0.01,,,,,16.64
431,px95dqer,fex2yomp,14,2,3,8.0,1.0,0.75,-0.29,,,,,0.0
432,px95dqer,0d4kjemb,14,1,4,8.2,1.0,0.99,-0.01,,,,,16.64
433,px95dqer,fex2yomp,14,2,4,8.1,1.0,0.99,-0.01,,,,,0.0
434,px95dqer,0d4kjemb,14,1,5,8.1,1.0,0.99,-0.01,,,,,16.64
435,px95dqer,fex2yomp,14,2,5,8.0,1.0,0.99,-0.01,,,,,0.0
436,px95dqer,0d4kjemb,14,1,6,8.1,1.0,0.99,-0.01,,,,,16.64
437,px95dqer,fex2yomp,14,2,6,8.0,1.0,0.99,-0.01,,,,,0.0
438,px95dqer,0d4kjemb,14,1,7,8.3,1.0,0.99,-0.01,,,,,16.64
439,px95dqer,fex2yomp,14,2,7,8.2,1.0,0.99,-0.01,,,,,0.0
440,px95dqer,0d4kjemb,14,1,8,8.5,0.0,0.875,-4.16,,,,,16.64
441,px95dqer,fex2yomp,14,2,8,8.4,1.0,0.99,-9.21,,,,,0.0
442,px95dqer,0d4kjemb,14,1,9,8.4,0.0,0.5,-1.39,,,,,16.64
443,px95dqer,fex2yomp,14,2,9,8.3,0.0,0.5,-1.39,,,,,0.0
444,px95dqer,0d4kjemb,14,1,10,8.4,0.0,0.75,-0.58,,,,,16.64
445,px95dqer,fex2yomp,14,2,10,8.5,0.0,0.99,-0.02,,,,,0.0
446,px95dqer,0d4kjemb,14,1,11,8.5,0.0,0.99,-0.02,,,,,16.64
447,px95dqer,fex2yomp,14,2,11,9.0,0.0,0.99,-0.02,,,,,0.0
448,px95dqer,0d4kjemb,14,1,12,8.3,1.0,0.875,-0.13,,,,,16.64
449,px95dqer,fex2yomp,14,2,12,8.2,1.0,0.75,-0.29,,,,,0.0
450,px95dqer,0d4kjemb,14,1,13,8.5,0.0,0.99,-0.02,,,,,16.64
451,px95dqer,fex2yomp,14,2,13,8.4,0.0,0.99,-0.02,,,,,0.0
452,px95dqer,0d4kjemb,14,1,14,9.0,0.0,0.99,-0.02,,,,,16.64
453,px95dqer,fex2yomp,14,2,14,8.5,0.0,0.99,-0.02,,,,,0.0
454,px95dqer,0d4kjemb,14,1,15,8.3,1.0,0.75,-2.77,,,,,16.64
455,px95dqer,fex2yomp,14,2,15,8.4,0.0,0.99,-9.21,,,,,0.0
456,px95dqer,0d4kjemb,14,1,16,8.3,1.0,0.75,-0.29,,,,,16.64
457,px95dqer,fex2yomp,14,2,16,8.2,1.0,0.75,-0.29,,,,,0.0
458,px95dqer,0d4kjemb,14,1,17,8.3,1.0,0.625,-1.96,"We agreed on a cutoff, so 8:40 and above is office, while 8:30 and below is canteen",1.0,8.2,3.0,16.64
459,px95dqer,fex2yomp,14,2,17,8.4,0.0,0.99,-9.21,Q,1.0,8.2,2.0,0.0
460,px95dqer,vl6vptcz,15,1,1,8.4,1.0,0.99,-0.01,,,,,0.0
461,px95dqer,y2guuz54,15,2,1,8.5,1.0,0.75,-0.29,,,,,10.399999999999999
462,px95dqer,vl6vptcz,15,1,2,8.3,1.0,0.99,-0.01,,,,,0.0
463,px95dqer,y2guuz54,15,2,2,8.4,1.0,0.99,-0.01,,,,,10.399999999999999
464,px95dqer,vl6vptcz,15,1,3,8.2,1.0,0.99,-0.01,,,,,0.0
465,px95dqer,y2guuz54,15,2,3,8.1,1.0,0.99,-0.01,,,,,10.399999999999999
466,px95dqer,vl6vptcz,15,1,4,8.4,1.0,0.99,-0.01,,,,,0.0
467,px95dqer,y2guuz54,15,2,4,8.5,1.0,0.75,-0.29,,,,,10.399999999999999
468,px95dqer,vl6vptcz,15,1,5,8.4,1.0,0.99,-0.01,,,,,0.0
469,px95dqer,y2guuz54,15,2,5,8.5,1.0,0.75,-0.29,,,,,10.399999999999999
470,px95dqer,vl6vptcz,15,1,6,9.0,0.0,0.99,-9.21,,,,,0.0
471,px95dqer,y2guuz54,15,2,6,8.5,1.0,0.875,-4.16,,,,,10.399999999999999
472,px95dqer,vl6vptcz,15,1,7,8.1,1.0,0.99,-0.01,,,,,0.0
473,px95dqer,y2guuz54,15,2,7,8.2,1.0,0.99,-0.01,,,,,10.399999999999999
474,px95dqer,vl6vptcz,15,1,8,8.1,1.0,0.99,-0.01,,,,,0.0
475,px95dqer,y2guuz54,15,2,8,8.2,1.0,0.99,-0.01,,,,,10.399999999999999
476,px95dqer,vl6vptcz,15,1,9,9.0,0.0,0.75,-2.77,,,,,0.0
477,px95dqer,y2guuz54,15,2,9,8.5,1.0,0.75,-2.77,,,,,10.399999999999999
478,px95dqer,vl6vptcz,15,1,10,8.2,1.0,0.99,-0.01,,,,,0.0
479,px95dqer,y2guuz54,15,2,10,8.3,1.0,0.99,-0.01,,,,,10.399999999999999
480,px95dqer,vl6vptcz,15,1,11,9.0,0.0,0.75,-0.58,,,,,0.0
481,px95dqer,y2guuz54,15,2,11,8.5,0.0,0.75,-0.58,,,,,10.399999999999999
482,px95dqer,vl6vptcz,15,1,12,8.2,1.0,0.99,-0.01,,,,,0.0
483,px95dqer,y2guuz54,15,2,12,8.3,1.0,0.99,-0.01,,,,,10.399999999999999
484,px95dqer,vl6vptcz,15,1,13,9.0,0.0,0.99,-0.02,,,,,0.0
485,px95dqer,y2guuz54,15,2,13,9.1,0.0,0.99,-0.02,,,,,10.399999999999999
486,px95dqer,vl6vptcz,15,1,14,8.4,1.0,0.99,-9.21,,,,,0.0
487,px95dqer,y2guuz54,15,2,14,8.5,0.0,0.75,-2.77,,,,,10.399999999999999
488,px95dqer,vl6vptcz,15,1,15,8.5,0.0,0.75,-0.58,,,,,0.0
489,px95dqer,y2guuz54,15,2,15,9.0,0.0,0.875,-0.27,,,,,10.399999999999999
490,px95dqer,vl6vptcz,15,1,16,9.0,0.0,0.99,-0.02,,,,,0.0
491,px95dqer,y2guuz54,15,2,16,9.1,0.0,0.99,-0.02,,,,,10.399999999999999
492,px95dqer,vl6vptcz,15,1,17,8.4,1.0,0.75,-2.77,,,,,0.0
493,px95dqer,y2guuz54,15,2,17,8.5,0.0,0.75,-2.77,,,,,10.399999999999999
494,px95dqer,vl6vptcz,15,1,18,8.1,1.0,0.99,-0.01,,,,,0.0
495,px95dqer,y2guuz54,15,2,18,8.0,1.0,0.99,-0.01,,,,,10.399999999999999
496,px95dqer,vl6vptcz,15,1,19,8.2,1.0,0.99,-0.01,,,,,0.0
497,px95dqer,y2guuz54,15,2,19,8.3,1.0,0.99,-0.01,,,,,10.399999999999999
498,px95dqer,vl6vptcz,15,1,20,8.5,0.0,0.75,-0.58,,,,,0.0
499,px95dqer,y2guuz54,15,2,20,9.0,0.0,0.875,-0.27,,,,,10.399999999999999
500,px95dqer,vl6vptcz,15,1,21,8.4,1.0,0.75,-0.29,,,,,0.0
501,px95dqer,y2guuz54,15,2,21,8.3,1.0,0.99,-0.01,,,,,10.399999999999999
502,px95dqer,vl6vptcz,15,1,22,9.0,0.0,0.99,-0.02,,,,,0.0
503,px95dqer,y2guuz54,15,2,22,8.5,0.0,0.875,-0.27,,,,,10.399999999999999
504,px95dqer,vl6vptcz,15,1,23,8.5,0.0,0.75,-0.58,,,,,0.0
505,px95dqer,y2guuz54,15,2,23,9.0,0.0,0.875,-0.27,,,,,10.399999999999999
506,px95dqer,vl6vptcz,15,1,24,8.2,1.0,0.99,-0.01,,,,,0.0
507,px95dqer,y2guuz54,15,2,24,8.1,1.0,0.99,-0.01,,,,,10.399999999999999
508,px95dqer,vl6vptcz,15,1,25,9.0,0.0,0.99,-0.02,,,,,0.0
509,px95dqer,y2guuz54,15,2,25,9.1,0.0,0.99,-0.02,,,,,10.399999999999999
510,px95dqer,vl6vptcz,15,1,26,8.4,1.0,0.75,-0.29,,,,,0.0
511,px95dqer,y2guuz54,15,2,26,8.3,1.0,0.99,-0.01,,,,,10.399999999999999
512,px95dqer,vl6vptcz,15,1,27,8.5,0.0,0.75,-0.58,,,,,0.0
513,px95dqer,y2guuz54,15,2,27,9.0,0.0,0.875,-0.27,,,,,10.399999999999999
514,px95dqer,vl6vptcz,15,1,28,8.5,0.0,0.75,-2.77,Arrive after 8:50 = office and very certain.     Arrive at 8:50 = office and somewhat certain.    Arrive before 8:50 = canteen and very certain.,2.0,8.4,3.0,0.0
515,px95dqer,y2guuz54,15,2,28,8.4,1.0,0.875,-4.16,"Based on how close I was to nine o'clock i was more uncertain about my choice, but started out with choosing the canteen in these cases as the penalty was lower, but after I saw that my participant started with using the the office in these cases instead I switched to that as well. For all cases where I arrived at 8:30 or lower I always choose very certain for canteen and the opposite for office and 9:30 or higher.",1.0,8.3,3.0,10.399999999999999
516,px95dqer,socxm37u,16,1,1,8.4,1.0,0.99,-0.01,,,,,7.809999999999992
517,px95dqer,b53k1epx,16,2,1,8.3,1.0,0.99,-0.01,,,,,8.079999999999991
518,px95dqer,socxm37u,16,1,2,9.0,0.0,0.875,-0.27,,,,,7.809999999999992
519,px95dqer,b53k1epx,16,2,2,8.5,0.0,0.75,-0.58,,,,,8.079999999999991
520,px95dqer,socxm37u,16,1,3,8.5,0.0,0.625,-1.96,,,,,7.809999999999992
521,px95dqer,b53k1epx,16,2,3,8.4,1.0,0.99,-9.21,,,,,8.079999999999991
522,px95dqer,socxm37u,16,1,4,8.4,1.0,0.875,-0.13,,,,,7.809999999999992
523,px95dqer,b53k1epx,16,2,4,8.3,1.0,0.99,-0.01,,,,,8.079999999999991
524,px95dqer,socxm37u,16,1,5,8.3,1.0,0.99,-0.01,,,,,7.809999999999992
525,px95dqer,b53k1epx,16,2,5,8.4,1.0,0.99,-0.01,,,,,8.079999999999991
526,px95dqer,socxm37u,16,1,6,8.1,1.0,0.99,-0.01,,,,,7.809999999999992
527,px95dqer,b53k1epx,16,2,6,8.0,1.0,0.99,-0.01,,,,,8.079999999999991
528,px95dqer,socxm37u,16,1,7,9.0,0.0,0.99,-0.02,,,,,7.809999999999992
529,px95dqer,b53k1epx,16,2,7,8.5,0.0,0.875,-0.27,,,,,8.079999999999991
530,px95dqer,socxm37u,16,1,8,8.5,1.0,0.75,-0.29,,,,,7.809999999999992
531,px95dqer,b53k1epx,16,2,8,8.4,1.0,0.99,-0.01,,,,,8.079999999999991
532,px95dqer,socxm37u,16,1,9,8.4,1.0,0.99,-0.01,,,,,7.809999999999992
533,px95dqer,b53k1epx,16,2,9,8.3,1.0,0.99,-0.01,,,,,8.079999999999991
534,px95dqer,socxm37u,16,1,10,8.3,1.0,0.99,-0.01,,,,,7.809999999999992
535,px95dqer,b53k1epx,16,2,10,8.2,1.0,0.99,-0.01,,,,,8.079999999999991
536,px95dqer,socxm37u,16,1,11,8.1,1.0,0.99,-0.01,,,,,7.809999999999992
537,px95dqer,b53k1epx,16,2,11,8.2,1.0,0.99,-0.01,,,,,8.079999999999991
538,px95dqer,socxm37u,16,1,12,8.3,1.0,0.99,-0.01,,,,,7.809999999999992
539,px95dqer,b53k1epx,16,2,12,8.2,1.0,0.99,-0.01,,,,,8.079999999999991
540,px95dqer,socxm37u,16,1,13,8.2,1.0,0.99,-0.01,,,,,7.809999999999992
541,px95dqer,b53k1epx,16,2,13,8.3,1.0,0.99,-0.01,,,,,8.079999999999991
542,px95dqer,socxm37u,16,1,14,8.1,1.0,0.99,-0.01,,,,,7.809999999999992
543,px95dqer,b53k1epx,16,2,14,8.0,1.0,0.99,-0.01,,,,,8.079999999999991
544,px95dqer,socxm37u,16,1,15,8.1,1.0,0.99,-0.01,,,,,7.809999999999992
545,px95dqer,b53k1epx,16,2,15,8.2,1.0,0.99,-0.01,,,,,8.079999999999991
546,px95dqer,socxm37u,16,1,16,8.4,1.0,0.99,-9.21,,,,,7.809999999999992
547,px95dqer,b53k1epx,16,2,16,8.5,0.0,0.75,-2.77,,,,,8.079999999999991
548,px95dqer,socxm37u,16,1,17,8.4,1.0,0.875,-4.16,,,,,7.809999999999992
549,px95dqer,b53k1epx,16,2,17,8.5,0.0,0.75,-2.77,,,,,8.079999999999991
550,px95dqer,socxm37u,16,1,18,8.2,1.0,0.99,-0.01,,,,,7.809999999999992
551,px95dqer,b53k1epx,16,2,18,8.1,1.0,0.99,-0.01,,,,,8.079999999999991
552,px95dqer,socxm37u,16,1,19,8.2,1.0,0.99,-0.01,,,,,7.809999999999992
553,px95dqer,b53k1epx,16,2,19,8.3,1.0,0.99,-0.01,,,,,8.079999999999991
554,px95dqer,socxm37u,16,1,20,9.0,0.0,0.75,-2.77,,,,,7.809999999999992
555,px95dqer,b53k1epx,16,2,20,8.5,1.0,0.75,-2.77,,,,,8.079999999999991
556,px95dqer,socxm37u,16,1,21,8.3,1.0,0.99,-0.01,,,,,7.809999999999992
557,px95dqer,b53k1epx,16,2,21,8.2,1.0,0.99,-0.01,,,,,8.079999999999991
558,px95dqer,socxm37u,16,1,22,8.5,1.0,0.75,-2.77,,,,,7.809999999999992
559,px95dqer,b53k1epx,16,2,22,9.0,0.0,0.625,-1.96,,,,,8.079999999999991
560,px95dqer,socxm37u,16,1,23,8.2,1.0,0.99,-0.01,,,,,7.809999999999992
561,px95dqer,b53k1epx,16,2,23,8.3,1.0,0.99,-0.01,,,,,8.079999999999991
562,px95dqer,socxm37u,16,1,24,8.4,1.0,0.875,-0.13,,,,,7.809999999999992
563,px95dqer,b53k1epx,16,2,24,8.5,1.0,0.5,-0.69,,,,,8.079999999999991
564,px95dqer,socxm37u,16,1,25,8.2,1.0,0.99,-0.01,,,,,7.809999999999992
565,px95dqer,b53k1epx,16,2,25,8.1,1.0,0.99,-0.01,,,,,8.079999999999991
566,px95dqer,socxm37u,16,1,26,8.1,1.0,0.99,-0.01,,,,,7.809999999999992
567,px95dqer,b53k1epx,16,2,26,8.0,1.0,0.99,-0.01,,,,,8.079999999999991
568,px95dqer,socxm37u,16,1,27,8.2,1.0,0.99,-0.01,,,,,7.809999999999992
569,px95dqer,b53k1epx,16,2,27,8.3,1.0,0.99,-0.01,,,,,8.079999999999991
570,px95dqer,socxm37u,16,1,28,8.4,1.0,0.75,-0.29,,,,,7.809999999999992
571,px95dqer,b53k1epx,16,2,28,8.5,1.0,0.5,-0.69,,,,,8.079999999999991
572,px95dqer,socxm37u,16,1,29,8.1,1.0,0.99,-0.01,,,,,7.809999999999992
573,px95dqer,b53k1epx,16,2,29,8.2,1.0,0.99,-0.01,,,,,8.079999999999991
574,px95dqer,socxm37u,16,1,30,8.2,1.0,0.99,-0.01,Always canteen at 8:40 or below. Learn the pattern of your colleague and trust same actions,1.0,8.5,,7.809999999999992
575,px95dqer,b53k1epx,16,2,30,8.1,1.0,0.99,-0.01,Don't really know..    I should have follow more my teammate,1.0,8.5,,8.079999999999991
576,px95dqer,jwzifpcw,17,1,1,9.0,0.0,0.75,-0.58,,,,,19.11
577,px95dqer,bufvlp2i,17,2,1,9.1,0.0,0.99,-0.02,,,,,23.14
578,px95dqer,jwzifpcw,17,1,2,9.0,0.0,0.875,-0.27,,,,,19.11
579,px95dqer,bufvlp2i,17,2,2,9.1,0.0,0.99,-0.02,,,,,23.14
580,px95dqer,jwzifpcw,17,1,3,8.5,0.0,0.625,-0.94,,,,,19.11
581,px95dqer,bufvlp2i,17,2,3,9.0,0.0,0.99,-0.02,,,,,23.14
582,px95dqer,jwzifpcw,17,1,4,8.4,1.0,0.99,-0.01,,,,,19.11
583,px95dqer,bufvlp2i,17,2,4,8.3,1.0,0.99,-0.01,,,,,23.14
584,px95dqer,jwzifpcw,17,1,5,8.3,1.0,0.99,-0.01,,,,,19.11
585,px95dqer,bufvlp2i,17,2,5,8.2,1.0,0.99,-0.01,,,,,23.14
586,px95dqer,jwzifpcw,17,1,6,9.0,0.0,0.75,-0.58,,,,,19.11
587,px95dqer,bufvlp2i,17,2,6,8.5,0.0,0.75,-0.58,,,,,23.14
588,px95dqer,jwzifpcw,17,1,7,8.2,1.0,0.99,-0.01,,,,,19.11
589,px95dqer,bufvlp2i,17,2,7,8.3,1.0,0.99,-0.01,,,,,23.14
590,px95dqer,jwzifpcw,17,1,8,8.1,1.0,0.99,-0.01,,,,,19.11
591,px95dqer,bufvlp2i,17,2,8,8.2,1.0,0.99,-0.01,,,,,23.14
592,px95dqer,jwzifpcw,17,1,9,8.5,0.0,0.75,-0.58,,,,,19.11
593,px95dqer,bufvlp2i,17,2,9,9.0,0.0,0.99,-0.02,,,,,23.14
594,px95dqer,jwzifpcw,17,1,10,9.0,0.0,0.875,-0.27,,,,,19.11
595,px95dqer,bufvlp2i,17,2,10,9.1,0.0,0.99,-0.02,,,,,23.14
596,px95dqer,jwzifpcw,17,1,11,8.5,0.0,0.75,-2.77,,,,,19.11
597,px95dqer,bufvlp2i,17,2,11,8.4,1.0,0.75,-2.77,,,,,23.14
598,px95dqer,jwzifpcw,17,1,12,8.2,1.0,0.99,-0.01,,,,,19.11
599,px95dqer,bufvlp2i,17,2,12,8.1,1.0,0.99,-0.01,,,,,23.14
600,px95dqer,jwzifpcw,17,1,13,8.5,0.0,0.625,-0.94,,,,,19.11
601,px95dqer,bufvlp2i,17,2,13,9.0,0.0,0.99,-0.02,,,,,23.14
602,px95dqer,jwzifpcw,17,1,14,8.4,1.0,0.625,-0.47,,,,,19.11
603,px95dqer,bufvlp2i,17,2,14,8.3,1.0,0.99,-0.01,,,,,23.14
604,px95dqer,jwzifpcw,17,1,15,8.3,1.0,0.99,-0.01,,,,,19.11
605,px95dqer,bufvlp2i,17,2,15,8.2,1.0,0.99,-0.01,,,,,23.14
606,px95dqer,jwzifpcw,17,1,16,8.2,1.0,0.99,-0.01,,,,,19.11
607,px95dqer,bufvlp2i,17,2,16,8.3,1.0,0.99,-0.01,,,,,23.14
608,px95dqer,jwzifpcw,17,1,17,9.0,0.0,0.875,-0.27,,,,,19.11
609,px95dqer,bufvlp2i,17,2,17,9.1,0.0,0.99,-0.02,,,,,23.14
610,px95dqer,jwzifpcw,17,1,18,8.1,1.0,0.99,-0.01,,,,,19.11
611,px95dqer,bufvlp2i,17,2,18,8.2,1.0,0.99,-0.01,,,,,23.14
612,px95dqer,jwzifpcw,17,1,19,8.2,1.0,0.99,-0.01,,,,,19.11
613,px95dqer,bufvlp2i,17,2,19,8.3,1.0,0.99,-0.01,,,,,23.14
614,px95dqer,jwzifpcw,17,1,20,8.1,1.0,0.99,-0.01,,,,,19.11
615,px95dqer,bufvlp2i,17,2,20,8.0,1.0,0.99,-0.01,,,,,23.14
616,px95dqer,jwzifpcw,17,1,21,8.1,1.0,0.99,-0.01,,,,,19.11
617,px95dqer,bufvlp2i,17,2,21,8.0,1.0,0.99,-0.01,,,,,23.14
618,px95dqer,jwzifpcw,17,1,22,8.1,1.0,0.99,-0.01,,,,,19.11
619,px95dqer,bufvlp2i,17,2,22,8.2,1.0,0.99,-0.01,,,,,23.14
620,px95dqer,jwzifpcw,17,1,23,9.0,0.0,0.875,-0.27,,,,,19.11
621,px95dqer,bufvlp2i,17,2,23,8.5,0.0,0.625,-0.94,,,,,23.14
622,px95dqer,jwzifpcw,17,1,24,8.2,1.0,0.99,-0.01,,,,,19.11
623,px95dqer,bufvlp2i,17,2,24,8.1,1.0,0.99,-0.01,,,,,23.14
624,px95dqer,jwzifpcw,17,1,25,8.3,1.0,0.99,-0.01,,,,,19.11
625,px95dqer,bufvlp2i,17,2,25,8.2,1.0,0.99,-0.01,,,,,23.14
626,px95dqer,jwzifpcw,17,1,26,8.1,1.0,0.99,-0.01,,,,,19.11
627,px95dqer,bufvlp2i,17,2,26,8.2,1.0,0.99,-0.01,,,,,23.14
628,px95dqer,jwzifpcw,17,1,27,8.3,1.0,0.99,-0.01,,,,,19.11
629,px95dqer,bufvlp2i,17,2,27,8.2,1.0,0.99,-0.01,,,,,23.14
630,px95dqer,jwzifpcw,17,1,28,8.3,1.0,0.99,-0.01,,,,,19.11
631,px95dqer,bufvlp2i,17,2,28,8.4,1.0,0.75,-0.29,,,,,23.14
632,px95dqer,jwzifpcw,17,1,29,8.5,0.0,0.75,-2.77,,,,,19.11
633,px95dqer,bufvlp2i,17,2,29,8.4,1.0,0.625,-1.96,,,,,23.14
634,px95dqer,jwzifpcw,17,1,30,8.1,1.0,0.99,-0.01,"If the time was 8:50 or 9:00 i would expected my partner to go to the office. Sometimes when i got 8:40 my partner would go to the office if he had 8:50, but other than that it went fine",1.0,8.2,,19.11
635,px95dqer,bufvlp2i,17,2,30,8.0,1.0,0.99,-0.01,Always go to canteen I want to see my buddy,1.0,8.4,,23.14
636,px95dqer,b31iji7v,18,1,1,8.3,1.0,0.75,-0.29,,,,,13.139999999999993
637,px95dqer,vb2fenof,18,2,1,8.4,1.0,0.875,-0.13,,,,,10.510000000000002
638,px95dqer,b31iji7v,18,1,2,9.0,0.0,0.99,-0.02,,,,,13.139999999999993
639,px95dqer,vb2fenof,18,2,2,9.1,0.0,0.99,-0.02,,,,,10.510000000000002
640,px95dqer,b31iji7v,18,1,3,8.5,0.0,0.875,-4.16,,,,,13.139999999999993
641,px95dqer,vb2fenof,18,2,3,8.4,1.0,0.99,-9.21,,,,,10.510000000000002
642,px95dqer,b31iji7v,18,1,4,8.1,1.0,0.99,-0.01,,,,,13.139999999999993
643,px95dqer,vb2fenof,18,2,4,8.0,1.0,0.99,-0.01,,,,,10.510000000000002
644,px95dqer,b31iji7v,18,1,5,8.2,1.0,0.99,-0.01,,,,,13.139999999999993
645,px95dqer,vb2fenof,18,2,5,8.3,1.0,0.875,-0.13,,,,,10.510000000000002
646,px95dqer,b31iji7v,18,1,6,8.2,1.0,0.99,-0.01,,,,,13.139999999999993
647,px95dqer,vb2fenof,18,2,6,8.3,1.0,0.99,-0.01,,,,,10.510000000000002
648,px95dqer,b31iji7v,18,1,7,8.2,1.0,0.99,-0.01,,,,,13.139999999999993
649,px95dqer,vb2fenof,18,2,7,8.3,1.0,0.99,-0.01,,,,,10.510000000000002
650,px95dqer,b31iji7v,18,1,8,8.2,1.0,0.99,-0.01,,,,,13.139999999999993
651,px95dqer,vb2fenof,18,2,8,8.1,1.0,0.99,-0.01,,,,,10.510000000000002
652,px95dqer,b31iji7v,18,1,9,8.2,1.0,0.99,-0.01,,,,,13.139999999999993
653,px95dqer,vb2fenof,18,2,9,8.3,1.0,0.99,-0.01,,,,,10.510000000000002
654,px95dqer,b31iji7v,18,1,10,8.2,1.0,0.99,-0.01,,,,,13.139999999999993
655,px95dqer,vb2fenof,18,2,10,8.3,1.0,0.99,-0.01,,,,,10.510000000000002
656,px95dqer,b31iji7v,18,1,11,9.0,0.0,0.99,-9.21,,,,,13.139999999999993
657,px95dqer,vb2fenof,18,2,11,8.5,1.0,0.75,-2.77,,,,,10.510000000000002
658,px95dqer,b31iji7v,18,1,12,8.5,0.0,0.75,-0.58,,,,,13.139999999999993
659,px95dqer,vb2fenof,18,2,12,9.0,0.0,0.75,-0.58,,,,,10.510000000000002
660,px95dqer,b31iji7v,18,1,13,8.1,1.0,0.99,-0.01,,,,,13.139999999999993
661,px95dqer,vb2fenof,18,2,13,8.2,1.0,0.99,-0.01,,,,,10.510000000000002
662,px95dqer,b31iji7v,18,1,14,8.5,1.0,0.75,-0.29,,,,,13.139999999999993
663,px95dqer,vb2fenof,18,2,14,8.4,1.0,0.75,-0.29,,,,,10.510000000000002
664,px95dqer,b31iji7v,18,1,15,8.1,1.0,0.99,-0.01,,,,,13.139999999999993
665,px95dqer,vb2fenof,18,2,15,8.2,1.0,0.99,-0.01,,,,,10.510000000000002
666,px95dqer,b31iji7v,18,1,16,8.3,1.0,0.99,-0.01,,,,,13.139999999999993
667,px95dqer,vb2fenof,18,2,16,8.4,1.0,0.875,-0.13,,,,,10.510000000000002
668,px95dqer,b31iji7v,18,1,17,8.4,1.0,0.99,-0.01,,,,,13.139999999999993
669,px95dqer,vb2fenof,18,2,17,8.3,1.0,0.99,-0.01,,,,,10.510000000000002
670,px95dqer,b31iji7v,18,1,18,8.3,1.0,0.99,-0.01,,,,,13.139999999999993
671,px95dqer,vb2fenof,18,2,18,8.4,1.0,0.75,-0.29,,,,,10.510000000000002
672,px95dqer,b31iji7v,18,1,19,9.0,1.0,0.5,-1.39,,,,,13.139999999999993
673,px95dqer,vb2fenof,18,2,19,8.5,1.0,0.75,-2.77,,,,,10.510000000000002
674,px95dqer,b31iji7v,18,1,20,8.3,1.0,0.99,-0.01,,,,,13.139999999999993
675,px95dqer,vb2fenof,18,2,20,8.4,1.0,0.75,-0.29,,,,,10.510000000000002
676,px95dqer,b31iji7v,18,1,21,8.1,1.0,0.99,-0.01,,,,,13.139999999999993
677,px95dqer,vb2fenof,18,2,21,8.2,1.0,0.99,-0.01,,,,,10.510000000000002
678,px95dqer,b31iji7v,18,1,22,8.4,1.0,0.99,-0.01,,,,,13.139999999999993
679,px95dqer,vb2fenof,18,2,22,8.5,1.0,0.625,-0.47,,,,,10.510000000000002
680,px95dqer,b31iji7v,18,1,23,8.1,1.0,0.99,-0.01,,,,,13.139999999999993
681,px95dqer,vb2fenof,18,2,23,8.2,1.0,0.99,-0.01,,,,,10.510000000000002
682,px95dqer,b31iji7v,18,1,24,8.4,1.0,0.99,-0.01,,,,,13.139999999999993
683,px95dqer,vb2fenof,18,2,24,8.3,1.0,0.99,-0.01,,,,,10.510000000000002
684,px95dqer,b31iji7v,18,1,25,8.3,1.0,0.99,-0.01,,,,,13.139999999999993
685,px95dqer,vb2fenof,18,2,25,8.4,1.0,0.75,-0.29,,,,,10.510000000000002
686,px95dqer,b31iji7v,18,1,26,8.3,1.0,0.99,-0.01,,,,,13.139999999999993
687,px95dqer,vb2fenof,18,2,26,8.2,1.0,0.99,-0.01,,,,,10.510000000000002
688,px95dqer,b31iji7v,18,1,27,8.4,1.0,0.99,-0.01,,,,,13.139999999999993
689,px95dqer,vb2fenof,18,2,27,8.5,1.0,0.625,-0.47,,,,,10.510000000000002
690,px95dqer,b31iji7v,18,1,28,8.3,1.0,0.99,-0.01,,,,,13.139999999999993
691,px95dqer,vb2fenof,18,2,28,8.4,1.0,0.75,-0.29,,,,,10.510000000000002
692,px95dqer,b31iji7v,18,1,29,8.5,1.0,0.5,-0.69,,,,,13.139999999999993
693,px95dqer,vb2fenof,18,2,29,8.4,1.0,0.75,-0.29,,,,,10.510000000000002
694,px95dqer,b31iji7v,18,1,30,9.0,0.0,0.99,-0.02,He loves coffee,,9.0,,13.139999999999993
695,px95dqer,vb2fenof,18,2,30,8.5,0.0,0.625,-0.94,I just went to the canteen with much certainty unless I arrived at 8.40 or 8.50. Then I was mostly somewhat certain and only a few times did I go to the office before 9 am.,1.0,8.4,,10.510000000000002
696,px95dqer,g4t3i56c,19,1,1,9.0,0.0,0.99,-9.21,,,,,1.3200000000000003
697,px95dqer,7uvkoyyl,19,2,1,8.5,1.0,0.75,-2.77,,,,,12.009999999999994
698,px95dqer,g4t3i56c,19,1,2,8.4,1.0,0.875,-0.13,,,,,1.3200000000000003
699,px95dqer,7uvkoyyl,19,2,2,8.3,1.0,0.99,-0.01,,,,,12.009999999999994
700,px95dqer,g4t3i56c,19,1,3,8.5,1.0,0.75,-2.77,,,,,1.3200000000000003
701,px95dqer,7uvkoyyl,19,2,3,9.0,0.0,0.75,-2.77,,,,,12.009999999999994
702,px95dqer,g4t3i56c,19,1,4,8.2,1.0,0.99,-0.01,,,,,1.3200000000000003
703,px95dqer,7uvkoyyl,19,2,4,8.1,1.0,0.99,-0.01,,,,,12.009999999999994
704,px95dqer,g4t3i56c,19,1,5,8.4,1.0,0.875,-0.13,,,,,1.3200000000000003
705,px95dqer,7uvkoyyl,19,2,5,8.3,1.0,0.99,-0.01,,,,,12.009999999999994
706,px95dqer,g4t3i56c,19,1,6,9.0,0.0,0.875,-4.16,,,,,1.3200000000000003
707,px95dqer,7uvkoyyl,19,2,6,8.5,1.0,0.75,-2.77,,,,,12.009999999999994
708,px95dqer,g4t3i56c,19,1,7,8.1,1.0,0.99,-0.01,,,,,1.3200000000000003
709,px95dqer,7uvkoyyl,19,2,7,8.2,1.0,0.99,-0.01,,,,,12.009999999999994
710,px95dqer,g4t3i56c,19,1,8,9.0,0.0,0.875,-4.16,,,,,1.3200000000000003
711,px95dqer,7uvkoyyl,19,2,8,8.5,1.0,0.75,-2.77,,,,,12.009999999999994
712,px95dqer,g4t3i56c,19,1,9,8.4,1.0,0.99,-0.01,,,,,1.3200000000000003
713,px95dqer,7uvkoyyl,19,2,9,8.5,1.0,0.75,-0.29,,,,,12.009999999999994
714,px95dqer,g4t3i56c,19,1,10,8.2,1.0,0.99,-0.01,,,,,1.3200000000000003
715,px95dqer,7uvkoyyl,19,2,10,8.3,1.0,0.99,-0.01,,,,,12.009999999999994
716,px95dqer,g4t3i56c,19,1,11,8.2,1.0,0.99,-0.01,,,,,1.3200000000000003
717,px95dqer,7uvkoyyl,19,2,11,8.3,1.0,0.99,-0.01,,,,,12.009999999999994
718,px95dqer,g4t3i56c,19,1,12,8.4,1.0,0.99,-0.01,,,,,1.3200000000000003
719,px95dqer,7uvkoyyl,19,2,12,8.3,1.0,0.99,-0.01,,,,,12.009999999999994
720,px95dqer,g4t3i56c,19,1,13,8.1,1.0,0.99,-0.01,,,,,1.3200000000000003
721,px95dqer,7uvkoyyl,19,2,13,8.0,1.0,0.99,-0.01,,,,,12.009999999999994
722,px95dqer,g4t3i56c,19,1,14,8.4,1.0,0.99,-0.01,,,,,1.3200000000000003
723,px95dqer,7uvkoyyl,19,2,14,8.3,1.0,0.99,-0.01,,,,,12.009999999999994
724,px95dqer,g4t3i56c,19,1,15,8.5,1.0,0.75,-2.77,,,,,1.3200000000000003
725,px95dqer,7uvkoyyl,19,2,15,9.0,0.0,0.75,-2.77,,,,,12.009999999999994
726,px95dqer,g4t3i56c,19,1,16,8.3,1.0,0.99,-0.01,,,,,1.3200000000000003
727,px95dqer,7uvkoyyl,19,2,16,8.2,1.0,0.99,-0.01,,,,,12.009999999999994
728,px95dqer,g4t3i56c,19,1,17,8.3,1.0,0.99,-0.01,,,,,1.3200000000000003
729,px95dqer,7uvkoyyl,19,2,17,8.2,1.0,0.99,-0.01,,,,,12.009999999999994
730,px95dqer,g4t3i56c,19,1,18,8.3,1.0,0.99,-0.01,,,,,1.3200000000000003
731,px95dqer,7uvkoyyl,19,2,18,8.2,1.0,0.99,-0.01,,,,,12.009999999999994
732,px95dqer,g4t3i56c,19,1,19,8.3,1.0,0.99,-0.01,,,,,1.3200000000000003
733,px95dqer,7uvkoyyl,19,2,19,8.2,1.0,0.99,-0.01,,,,,12.009999999999994
734,px95dqer,g4t3i56c,19,1,20,8.4,1.0,0.99,-0.01,,,,,1.3200000000000003
735,px95dqer,7uvkoyyl,19,2,20,8.5,1.0,0.75,-0.29,,,,,12.009999999999994
736,px95dqer,g4t3i56c,19,1,21,8.2,1.0,0.99,-0.01,,,,,1.3200000000000003
737,px95dqer,7uvkoyyl,19,2,21,8.1,1.0,0.99,-0.01,,,,,12.009999999999994
738,px95dqer,g4t3i56c,19,1,22,8.4,1.0,0.99,-0.01,,,,,1.3200000000000003
739,px95dqer,7uvkoyyl,19,2,22,8.5,1.0,0.75,-0.29,,,,,12.009999999999994
740,px95dqer,g4t3i56c,19,1,23,8.2,1.0,0.99,-0.01,,,,,1.3200000000000003
741,px95dqer,7uvkoyyl,19,2,23,8.3,1.0,0.99,-0.01,,,,,12.009999999999994
742,px95dqer,g4t3i56c,19,1,24,8.5,1.0,0.875,-4.16,,,,,1.3200000000000003
743,px95dqer,7uvkoyyl,19,2,24,9.0,0.0,0.75,-2.77,,,,,12.009999999999994
744,px95dqer,g4t3i56c,19,1,25,8.2,1.0,0.99,-0.01,,,,,1.3200000000000003
745,px95dqer,7uvkoyyl,19,2,25,8.3,1.0,0.99,-0.01,,,,,12.009999999999994
746,px95dqer,g4t3i56c,19,1,26,8.5,1.0,0.875,-0.13,,,,,1.3200000000000003
747,px95dqer,7uvkoyyl,19,2,26,8.4,1.0,0.99,-0.01,,,,,12.009999999999994
748,px95dqer,g4t3i56c,19,1,27,9.0,0.0,0.75,-0.58,,,,,1.3200000000000003
749,px95dqer,7uvkoyyl,19,2,27,9.1,0.0,0.99,-0.02,,,,,12.009999999999994
750,px95dqer,g4t3i56c,19,1,28,8.5,1.0,0.75,-0.29,,,,,1.3200000000000003
751,px95dqer,7uvkoyyl,19,2,28,8.4,1.0,0.99,-0.01,,,,,12.009999999999994
752,px95dqer,g4t3i56c,19,1,29,8.4,1.0,0.99,-0.01,,,,,1.3200000000000003
753,px95dqer,7uvkoyyl,19,2,29,8.5,1.0,0.75,-0.29,,,,,12.009999999999994
754,px95dqer,g4t3i56c,19,1,30,8.3,1.0,0.99,-0.01,Canteen at 8:40 or before for sure,1.0,8.4,,1.3200000000000003
755,px95dqer,7uvkoyyl,19,2,30,8.4,1.0,0.99,-0.01,"if <=8:40 : canteen, very certain  if >= 9:10 : office, very certain  if 8:50 : canteen, somewhat certain  if 9:00 : office, somewhat certain    Basically always go where I would go if playing alone, and hope that my partner does the same. If he does, these very certain never fails, and the somewhat certains fails 1/2 times.    The other could screw intentionally me by going to the office at 8:50 when I put Very certain on canteen, but there is no reason for him to do that, it's a loss of money that could have been avoided.",1.0,8.5,,12.009999999999994
756,px95dqer,5yxo9new,20,1,1,8.2,1.0,0.99,-0.01,,,,,21.26
757,px95dqer,mpu1zlwy,20,2,1,8.1,1.0,0.99,-0.01,,,,,21.630000000000003
758,px95dqer,5yxo9new,20,1,2,8.4,1.0,0.99,-0.01,,,,,21.26
759,px95dqer,mpu1zlwy,20,2,2,8.5,1.0,0.99,-0.01,,,,,21.630000000000003
760,px95dqer,5yxo9new,20,1,3,8.3,1.0,0.99,-0.01,,,,,21.26
761,px95dqer,mpu1zlwy,20,2,3,8.4,1.0,0.99,-0.01,,,,,21.630000000000003
762,px95dqer,5yxo9new,20,1,4,8.1,1.0,0.99,-0.01,,,,,21.26
763,px95dqer,mpu1zlwy,20,2,4,8.0,1.0,0.99,-0.01,,,,,21.630000000000003
764,px95dqer,5yxo9new,20,1,5,8.1,1.0,0.99,-0.01,,,,,21.26
765,px95dqer,mpu1zlwy,20,2,5,8.0,1.0,0.99,-0.01,,,,,21.630000000000003
766,px95dqer,5yxo9new,20,1,6,8.3,1.0,0.99,-0.01,,,,,21.26
767,px95dqer,mpu1zlwy,20,2,6,8.2,1.0,0.99,-0.01,,,,,21.630000000000003
768,px95dqer,5yxo9new,20,1,7,8.2,1.0,0.99,-0.01,,,,,21.26
769,px95dqer,mpu1zlwy,20,2,7,8.1,1.0,0.99,-0.01,,,,,21.630000000000003
770,px95dqer,5yxo9new,20,1,8,9.0,0.0,0.75,-2.77,,,,,21.26
771,px95dqer,mpu1zlwy,20,2,8,8.5,1.0,0.875,-4.16,,,,,21.630000000000003
772,px95dqer,5yxo9new,20,1,9,9.0,0.0,0.75,-0.58,,,,,21.26
773,px95dqer,mpu1zlwy,20,2,9,9.1,0.0,0.99,-0.02,,,,,21.630000000000003
774,px95dqer,5yxo9new,20,1,10,8.1,1.0,0.99,-0.01,,,,,21.26
775,px95dqer,mpu1zlwy,20,2,10,8.0,1.0,0.99,-0.01,,,,,21.630000000000003
776,px95dqer,5yxo9new,20,1,11,8.5,1.0,0.75,-0.29,,,,,21.26
777,px95dqer,mpu1zlwy,20,2,11,8.4,1.0,0.99,-0.01,,,,,21.630000000000003
778,px95dqer,5yxo9new,20,1,12,8.3,1.0,0.99,-0.01,,,,,21.26
779,px95dqer,mpu1zlwy,20,2,12,8.4,1.0,0.99,-0.01,,,,,21.630000000000003
780,px95dqer,5yxo9new,20,1,13,9.0,0.0,0.75,-0.58,,,,,21.26
781,px95dqer,mpu1zlwy,20,2,13,9.1,0.0,0.75,-0.58,,,,,21.630000000000003
782,px95dqer,5yxo9new,20,1,14,8.4,1.0,0.99,-0.01,,,,,21.26
783,px95dqer,mpu1zlwy,20,2,14,8.3,1.0,0.99,-0.01,,,,,21.630000000000003
784,px95dqer,5yxo9new,20,1,15,8.3,1.0,0.99,-0.01,,,,,21.26
785,px95dqer,mpu1zlwy,20,2,15,8.2,1.0,0.99,-0.01,,,,,21.630000000000003
786,px95dqer,5yxo9new,20,1,16,8.3,1.0,0.99,-0.01,,,,,21.26
787,px95dqer,mpu1zlwy,20,2,16,8.2,1.0,0.99,-0.01,,,,,21.630000000000003
788,px95dqer,5yxo9new,20,1,17,8.1,1.0,0.99,-0.01,,,,,21.26
789,px95dqer,mpu1zlwy,20,2,17,8.0,1.0,0.99,-0.01,,,,,21.630000000000003
790,px95dqer,5yxo9new,20,1,18,8.4,1.0,0.99,-0.01,,,,,21.26
791,px95dqer,mpu1zlwy,20,2,18,8.5,1.0,0.99,-0.01,,,,,21.630000000000003
792,px95dqer,5yxo9new,20,1,19,8.2,1.0,0.99,-0.01,,,,,21.26
793,px95dqer,mpu1zlwy,20,2,19,8.3,1.0,0.99,-0.01,,,,,21.630000000000003
794,px95dqer,5yxo9new,20,1,20,8.2,1.0,0.99,-0.01,,,,,21.26
795,px95dqer,mpu1zlwy,20,2,20,8.1,1.0,0.99,-0.01,,,,,21.630000000000003
796,px95dqer,5yxo9new,20,1,21,9.0,0.0,0.75,-0.58,,,,,21.26
797,px95dqer,mpu1zlwy,20,2,21,9.1,0.0,0.75,-0.58,,,,,21.630000000000003
798,px95dqer,5yxo9new,20,1,22,8.5,1.0,0.75,-2.77,,,,,21.26
799,px95dqer,mpu1zlwy,20,2,22,9.0,0.0,0.75,-2.77,,,,,21.630000000000003
800,px95dqer,5yxo9new,20,1,23,8.2,1.0,0.99,-0.01,,,,,21.26
801,px95dqer,mpu1zlwy,20,2,23,8.3,1.0,0.99,-0.01,,,,,21.630000000000003
802,px95dqer,5yxo9new,20,1,24,8.1,1.0,0.99,-0.01,,,,,21.26
803,px95dqer,mpu1zlwy,20,2,24,8.2,1.0,0.99,-0.01,,,,,21.630000000000003
804,px95dqer,5yxo9new,20,1,25,8.4,1.0,0.99,-0.01,,,,,21.26
805,px95dqer,mpu1zlwy,20,2,25,8.3,1.0,0.99,-0.01,,,,,21.630000000000003
806,px95dqer,5yxo9new,20,1,26,8.1,1.0,0.99,-0.01,,,,,21.26
807,px95dqer,mpu1zlwy,20,2,26,8.0,1.0,0.99,-0.01,,,,,21.630000000000003
808,px95dqer,5yxo9new,20,1,27,9.0,0.0,0.625,-0.94,,,,,21.26
809,px95dqer,mpu1zlwy,20,2,27,9.1,0.0,0.99,-0.02,,,,,21.630000000000003
810,px95dqer,5yxo9new,20,1,28,8.1,1.0,0.99,-0.01,,,,,21.26
811,px95dqer,mpu1zlwy,20,2,28,8.0,1.0,0.99,-0.01,,,,,21.630000000000003
812,px95dqer,5yxo9new,20,1,29,8.2,1.0,0.99,-0.01,,,,,21.26
813,px95dqer,mpu1zlwy,20,2,29,8.1,1.0,0.99,-0.01,,,,,21.630000000000003
814,px95dqer,5yxo9new,20,1,30,8.3,1.0,0.99,-0.01,"If anything else that 8.50 and 9.00 very certain.   Only if it was those too i was ""sligtly certain""",1.0,8.0,,21.26
815,px95dqer,mpu1zlwy,20,2,30,8.4,1.0,0.99,-0.01,Being uncertain when the times is close to the time we have to go to the office,1.0,8.5,,21.630000000000003
816,px95dqer,dcau976a,21,1,1,9.0,0.0,0.875,-4.16,,,,,13.740000000000002
817,px95dqer,d9gjkz3u,21,2,1,8.5,1.0,0.875,-4.16,,,,,0.0
818,px95dqer,dcau976a,21,1,2,8.1,1.0,0.99,-0.01,,,,,13.740000000000002
819,px95dqer,d9gjkz3u,21,2,2,8.2,1.0,0.99,-0.01,,,,,0.0
820,px95dqer,dcau976a,21,1,3,9.0,0.0,0.625,-1.96,,,,,13.740000000000002
821,px95dqer,d9gjkz3u,21,2,3,8.5,1.0,0.75,-2.77,,,,,0.0
822,px95dqer,dcau976a,21,1,4,8.2,1.0,0.99,-0.01,,,,,13.740000000000002
823,px95dqer,d9gjkz3u,21,2,4,8.1,1.0,0.99,-0.01,,,,,0.0
824,px95dqer,dcau976a,21,1,5,8.2,1.0,0.99,-0.01,,,,,13.740000000000002
825,px95dqer,d9gjkz3u,21,2,5,8.3,1.0,0.99,-0.01,,,,,0.0
826,px95dqer,dcau976a,21,1,6,8.5,0.0,0.75,-2.77,,,,,13.740000000000002
827,px95dqer,d9gjkz3u,21,2,6,8.4,1.0,0.99,-9.21,,,,,0.0
828,px95dqer,dcau976a,21,1,7,8.5,0.0,0.625,-1.96,,,,,13.740000000000002
829,px95dqer,d9gjkz3u,21,2,7,8.4,1.0,0.875,-4.16,,,,,0.0
830,px95dqer,dcau976a,21,1,8,8.5,1.0,0.875,-0.13,,,,,13.740000000000002
831,px95dqer,d9gjkz3u,21,2,8,8.4,1.0,0.75,-0.29,,,,,0.0
832,px95dqer,dcau976a,21,1,9,8.5,1.0,0.875,-0.13,,,,,13.740000000000002
833,px95dqer,d9gjkz3u,21,2,9,8.4,1.0,0.99,-0.01,,,,,0.0
834,px95dqer,dcau976a,21,1,10,8.1,1.0,0.99,-0.01,,,,,13.740000000000002
835,px95dqer,d9gjkz3u,21,2,10,8.0,1.0,0.99,-0.01,,,,,0.0
836,px95dqer,dcau976a,21,1,11,8.1,1.0,0.99,-0.01,,,,,13.740000000000002
837,px95dqer,d9gjkz3u,21,2,11,8.0,1.0,0.99,-0.01,,,,,0.0
838,px95dqer,dcau976a,21,1,12,8.3,1.0,0.99,-0.01,,,,,13.740000000000002
839,px95dqer,d9gjkz3u,21,2,12,8.2,1.0,0.99,-0.01,,,,,0.0
840,px95dqer,dcau976a,21,1,13,8.1,1.0,0.99,-0.01,,,,,13.740000000000002
841,px95dqer,d9gjkz3u,21,2,13,8.2,1.0,0.99,-0.01,,,,,0.0
842,px95dqer,dcau976a,21,1,14,8.2,1.0,0.99,-0.01,,,,,13.740000000000002
843,px95dqer,d9gjkz3u,21,2,14,8.1,1.0,0.99,-0.01,,,,,0.0
844,px95dqer,dcau976a,21,1,15,8.2,1.0,0.99,-0.01,,,,,13.740000000000002
845,px95dqer,d9gjkz3u,21,2,15,8.3,1.0,0.875,-0.13,,,,,0.0
846,px95dqer,dcau976a,21,1,16,8.3,1.0,0.99,-0.01,,,,,13.740000000000002
847,px95dqer,d9gjkz3u,21,2,16,8.2,1.0,0.99,-0.01,,,,,0.0
848,px95dqer,dcau976a,21,1,17,8.5,1.0,0.75,-2.77,,,,,13.740000000000002
849,px95dqer,d9gjkz3u,21,2,17,8.4,0.0,0.75,-2.77,,,,,0.0
850,px95dqer,dcau976a,21,1,18,8.2,1.0,0.99,-0.01,,,,,13.740000000000002
851,px95dqer,d9gjkz3u,21,2,18,8.3,1.0,0.99,-0.01,,,,,0.0
852,px95dqer,dcau976a,21,1,19,8.2,1.0,0.99,-0.01,,,,,13.740000000000002
853,px95dqer,d9gjkz3u,21,2,19,8.3,1.0,0.99,-0.01,,,,,0.0
854,px95dqer,dcau976a,21,1,20,8.1,1.0,0.99,-0.01,,,,,13.740000000000002
855,px95dqer,d9gjkz3u,21,2,20,8.0,1.0,0.99,-0.01,,,,,0.0
856,px95dqer,dcau976a,21,1,21,8.3,1.0,0.75,-0.29,,,,,13.740000000000002
857,px95dqer,d9gjkz3u,21,2,21,8.2,1.0,0.99,-0.01,,,,,0.0
858,px95dqer,dcau976a,21,1,22,8.5,0.0,0.625,-1.96,"Everything less than 8:40 go to the canteen.  8:40 consider both, but ended up being canteen most of the times",1.0,8.3,3.0,13.740000000000002
859,px95dqer,d9gjkz3u,21,2,22,8.4,1.0,0.99,-9.21,Always go to the canteen if it was before 9:00,3.0,8.4,2.0,0.0
860,px95dqer,euo571of,22,1,1,8.5,1.0,0.99,-9.21,,,,,3.960000000000001
861,px95dqer,s78dqnvv,22,2,1,9.0,0.0,0.875,-4.16,,,,,0.0
862,px95dqer,euo571of,22,1,2,8.2,1.0,0.99,-0.01,,,,,3.960000000000001
863,px95dqer,s78dqnvv,22,2,2,8.3,1.0,0.99,-0.01,,,,,0.0
864,px95dqer,euo571of,22,1,3,8.4,1.0,0.875,-0.13,,,,,3.960000000000001
865,px95dqer,s78dqnvv,22,2,3,8.5,1.0,0.75,-0.29,,,,,0.0
866,px95dqer,euo571of,22,1,4,9.0,0.0,0.625,-1.96,,,,,3.960000000000001
867,px95dqer,s78dqnvv,22,2,4,8.5,1.0,0.875,-4.16,,,,,0.0
868,px95dqer,euo571of,22,1,5,8.2,1.0,0.99,-0.01,,,,,3.960000000000001
869,px95dqer,s78dqnvv,22,2,5,8.3,1.0,0.99,-0.01,,,,,0.0
870,px95dqer,euo571of,22,1,6,8.5,1.0,0.875,-0.13,,,,,3.960000000000001
871,px95dqer,s78dqnvv,22,2,6,8.4,1.0,0.99,-0.01,,,,,0.0
872,px95dqer,euo571of,22,1,7,9.0,0.0,0.75,-0.58,,,,,3.960000000000001
873,px95dqer,s78dqnvv,22,2,7,9.1,0.0,0.99,-0.02,,,,,0.0
874,px95dqer,euo571of,22,1,8,8.1,1.0,0.99,-0.01,,,,,3.960000000000001
875,px95dqer,s78dqnvv,22,2,8,8.2,1.0,0.99,-0.01,,,,,0.0
876,px95dqer,euo571of,22,1,9,8.2,1.0,0.99,-0.01,,,,,3.960000000000001
877,px95dqer,s78dqnvv,22,2,9,8.1,1.0,0.99,-0.01,,,,,0.0
878,px95dqer,euo571of,22,1,10,8.2,1.0,0.99,-0.01,,,,,3.960000000000001
879,px95dqer,s78dqnvv,22,2,10,8.1,1.0,0.99,-0.01,,,,,0.0
880,px95dqer,euo571of,22,1,11,8.1,1.0,0.99,-0.01,,,,,3.960000000000001
881,px95dqer,s78dqnvv,22,2,11,8.0,1.0,0.99,-0.01,,,,,0.0
882,px95dqer,euo571of,22,1,12,9.0,0.0,0.75,-2.77,,,,,3.960000000000001
883,px95dqer,s78dqnvv,22,2,12,8.5,1.0,0.875,-4.16,,,,,0.0
884,px95dqer,euo571of,22,1,13,8.2,1.0,0.99,-0.01,,,,,3.960000000000001
885,px95dqer,s78dqnvv,22,2,13,8.1,1.0,0.99,-0.01,,,,,0.0
886,px95dqer,euo571of,22,1,14,9.0,0.0,0.75,-0.58,,,,,3.960000000000001
887,px95dqer,s78dqnvv,22,2,14,9.1,0.0,0.99,-0.02,,,,,0.0
888,px95dqer,euo571of,22,1,15,8.5,1.0,0.99,-9.21,,,,,3.960000000000001
889,px95dqer,s78dqnvv,22,2,15,9.0,0.0,0.99,-9.21,,,,,0.0
890,px95dqer,euo571of,22,1,16,8.1,1.0,0.99,-0.01,,,,,3.960000000000001
891,px95dqer,s78dqnvv,22,2,16,8.0,1.0,0.99,-0.01,,,,,0.0
892,px95dqer,euo571of,22,1,17,9.0,1.0,0.5,-1.39,"At or before 0850, very certain at canteen. 0900 maybe at office.",1.0,8.5,3.0,3.960000000000001
893,px95dqer,s78dqnvv,22,2,17,9.1,0.0,0.99,-9.21,go to canteen with very certain before 8:40  go to office after 8:50,1.0,8.5,3.0,0.0
894,px95dqer,yd0llx75,23,1,1,9.0,1.0,0.75,-2.77,,,,,0.0
895,px95dqer,d80v1d76,23,2,1,9.1,0.0,0.99,-9.21,,,,,2.8199999999999967
896,px95dqer,yd0llx75,23,1,2,8.4,1.0,0.875,-0.13,,,,,0.0
897,px95dqer,d80v1d76,23,2,2,8.5,1.0,0.875,-0.13,,,,,2.8199999999999967
898,px95dqer,yd0llx75,23,1,3,8.4,1.0,0.99,-0.01,,,,,0.0
899,px95dqer,d80v1d76,23,2,3,8.5,1.0,0.875,-0.13,,,,,2.8199999999999967
900,px95dqer,yd0llx75,23,1,4,8.5,1.0,0.99,-9.21,,,,,0.0
901,px95dqer,d80v1d76,23,2,4,9.0,0.0,0.875,-4.16,,,,,2.8199999999999967
902,px95dqer,yd0llx75,23,1,5,8.1,1.0,0.99,-0.01,,,,,0.0
903,px95dqer,d80v1d76,23,2,5,8.2,1.0,0.99,-0.01,,,,,2.8199999999999967
904,px95dqer,yd0llx75,23,1,6,8.4,1.0,0.875,-0.13,,,,,0.0
905,px95dqer,d80v1d76,23,2,6,8.5,1.0,0.875,-0.13,,,,,2.8199999999999967
906,px95dqer,yd0llx75,23,1,7,8.1,1.0,0.99,-0.01,,,,,0.0
907,px95dqer,d80v1d76,23,2,7,8.0,1.0,0.99,-0.01,,,,,2.8199999999999967
908,px95dqer,yd0llx75,23,1,8,8.2,1.0,0.99,-0.01,,,,,0.0
909,px95dqer,d80v1d76,23,2,8,8.3,1.0,0.99,-0.01,,,,,2.8199999999999967
910,px95dqer,yd0llx75,23,1,9,8.3,1.0,0.99,-0.01,,,,,0.0
911,px95dqer,d80v1d76,23,2,9,8.2,1.0,0.99,-0.01,,,,,2.8199999999999967
912,px95dqer,yd0llx75,23,1,10,8.2,1.0,0.99,-0.01,,,,,0.0
913,px95dqer,d80v1d76,23,2,10,8.1,1.0,0.99,-0.01,,,,,2.8199999999999967
914,px95dqer,yd0llx75,23,1,11,8.5,1.0,0.99,-9.21,,,,,0.0
915,px95dqer,d80v1d76,23,2,11,9.0,0.0,0.99,-9.21,,,,,2.8199999999999967
916,px95dqer,yd0llx75,23,1,12,9.0,0.0,0.99,-9.21,Canteen,1.0,8.4,1.0,0.0
917,px95dqer,d80v1d76,23,2,12,8.5,1.0,0.875,-4.16,Go to canteen if it's before 8:50 AM   If 8:50 AM one should consider the posibility that the colleague is arriving 10 minutes after and therefore can't make it to the canteen.,1.0,8.4,2.0,2.8199999999999967
918,px95dqer,m34i6dkf,24,1,1,8.4,1.0,0.99,-0.01,,,,,17.14
919,px95dqer,6om6iwep,24,2,1,8.5,1.0,0.99,-0.01,,,,,0.0
920,px95dqer,m34i6dkf,24,1,2,8.4,1.0,0.99,-0.01,,,,,17.14
921,px95dqer,6om6iwep,24,2,2,8.3,1.0,0.75,-0.29,,,,,0.0
922,px95dqer,m34i6dkf,24,1,3,9.0,0.0,0.75,-2.77,,,,,17.14
923,px95dqer,6om6iwep,24,2,3,8.5,1.0,0.99,-9.21,,,,,0.0
924,px95dqer,m34i6dkf,24,1,4,8.4,1.0,0.99,-0.01,,,,,17.14
925,px95dqer,6om6iwep,24,2,4,8.3,1.0,0.99,-0.01,,,,,0.0
926,px95dqer,m34i6dkf,24,1,5,9.0,1.0,0.5,-1.39,,,,,17.14
927,px95dqer,6om6iwep,24,2,5,9.1,0.0,0.5,-1.39,,,,,0.0
928,px95dqer,m34i6dkf,24,1,6,8.5,1.0,0.75,-0.29,,,,,17.14
929,px95dqer,6om6iwep,24,2,6,8.4,1.0,0.99,-0.01,,,,,0.0
930,px95dqer,m34i6dkf,24,1,7,8.3,1.0,0.99,-0.01,,,,,17.14
931,px95dqer,6om6iwep,24,2,7,8.4,1.0,0.99,-0.01,,,,,0.0
932,px95dqer,m34i6dkf,24,1,8,8.3,1.0,0.99,-0.01,,,,,17.14
933,px95dqer,6om6iwep,24,2,8,8.2,1.0,0.99,-0.01,,,,,0.0
934,px95dqer,m34i6dkf,24,1,9,8.4,1.0,0.99,-0.01,,,,,17.14
935,px95dqer,6om6iwep,24,2,9,8.3,1.0,0.99,-0.01,,,,,0.0
936,px95dqer,m34i6dkf,24,1,10,8.1,1.0,0.99,-0.01,,,,,17.14
937,px95dqer,6om6iwep,24,2,10,8.2,1.0,0.99,-0.01,,,,,0.0
938,px95dqer,m34i6dkf,24,1,11,8.1,1.0,0.99,-0.01,,,,,17.14
939,px95dqer,6om6iwep,24,2,11,8.0,1.0,0.99,-0.01,,,,,0.0
940,px95dqer,m34i6dkf,24,1,12,8.5,1.0,0.75,-2.77,,,,,17.14
941,px95dqer,6om6iwep,24,2,12,9.0,1.0,0.99,-9.21,,,,,0.0
942,px95dqer,m34i6dkf,24,1,13,8.3,1.0,0.99,-0.01,,,,,17.14
943,px95dqer,6om6iwep,24,2,13,8.4,1.0,0.99,-0.01,,,,,0.0
944,px95dqer,m34i6dkf,24,1,14,8.5,1.0,0.75,-2.77,,,,,17.14
945,px95dqer,6om6iwep,24,2,14,9.0,0.0,0.5,-1.39,,,,,0.0
946,px95dqer,m34i6dkf,24,1,15,8.1,1.0,0.99,-0.01,,,,,17.14
947,px95dqer,6om6iwep,24,2,15,8.2,1.0,0.99,-0.01,,,,,0.0
948,px95dqer,m34i6dkf,24,1,16,9.0,0.0,0.75,-2.77,"If math checks out both of us goes to canteen. If i know that one of us may not get there in time, i do office with low certainty",1.0,8.4,1.0,17.14
949,px95dqer,6om6iwep,24,2,16,8.5,1.0,0.99,-9.21,"Blind trust, goto canteen: fully certain, goto office: fully uncertain",1.0,8.3,2.0,0.0
956,px95dqer,z1plx5ri,26,1,1,8.2,1.0,0.875,-0.13,,,,,0.0
957,px95dqer,8tst1s28,26,2,1,8.3,1.0,0.5,-0.69,,,,,5.1499999999999915
958,px95dqer,z1plx5ri,26,1,2,8.1,1.0,0.99,-0.01,,,,,0.0
959,px95dqer,8tst1s28,26,2,2,8.2,1.0,0.99,-0.01,,,,,5.1499999999999915
960,px95dqer,z1plx5ri,26,1,3,8.3,1.0,0.99,-0.01,,,,,0.0
961,px95dqer,8tst1s28,26,2,3,8.2,1.0,0.99,-0.01,,,,,5.1499999999999915
962,px95dqer,z1plx5ri,26,1,4,8.3,1.0,0.99,-0.01,,,,,0.0
963,px95dqer,8tst1s28,26,2,4,8.2,1.0,0.99,-0.01,,,,,5.1499999999999915
964,px95dqer,z1plx5ri,26,1,5,8.2,1.0,0.99,-0.01,,,,,0.0
965,px95dqer,8tst1s28,26,2,5,8.1,1.0,0.99,-0.01,,,,,5.1499999999999915
966,px95dqer,z1plx5ri,26,1,6,8.4,1.0,0.99,-0.01,,,,,0.0
967,px95dqer,8tst1s28,26,2,6,8.5,1.0,0.99,-0.01,,,,,5.1499999999999915
968,px95dqer,z1plx5ri,26,1,7,8.2,1.0,0.99,-0.01,,,,,0.0
969,px95dqer,8tst1s28,26,2,7,8.3,1.0,0.99,-0.01,,,,,5.1499999999999915
970,px95dqer,z1plx5ri,26,1,8,9.0,0.0,0.75,-0.58,,,,,0.0
971,px95dqer,8tst1s28,26,2,8,9.1,0.0,0.99,-0.02,,,,,5.1499999999999915
972,px95dqer,z1plx5ri,26,1,9,8.1,1.0,0.99,-0.01,,,,,0.0
973,px95dqer,8tst1s28,26,2,9,8.2,1.0,0.99,-0.01,,,,,5.1499999999999915
974,px95dqer,z1plx5ri,26,1,10,8.1,1.0,0.99,-0.01,,,,,0.0
975,px95dqer,8tst1s28,26,2,10,8.0,1.0,0.99,-0.01,,,,,5.1499999999999915
976,px95dqer,z1plx5ri,26,1,11,8.5,0.0,0.875,-4.16,,,,,0.0
977,px95dqer,8tst1s28,26,2,11,8.4,1.0,0.99,-9.21,,,,,5.1499999999999915
978,px95dqer,z1plx5ri,26,1,12,8.3,1.0,0.99,-0.01,,,,,0.0
979,px95dqer,8tst1s28,26,2,12,8.4,1.0,0.99,-0.01,,,,,5.1499999999999915
980,px95dqer,z1plx5ri,26,1,13,9.0,0.0,0.75,-2.77,,,,,0.0
981,px95dqer,8tst1s28,26,2,13,8.5,1.0,0.99,-9.21,,,,,5.1499999999999915
982,px95dqer,z1plx5ri,26,1,14,9.0,0.0,0.875,-0.27,,,,,0.0
983,px95dqer,8tst1s28,26,2,14,9.1,0.0,0.99,-0.02,,,,,5.1499999999999915
984,px95dqer,z1plx5ri,26,1,15,8.4,1.0,0.875,-0.13,,,,,0.0
985,px95dqer,8tst1s28,26,2,15,8.3,1.0,0.99,-0.01,,,,,5.1499999999999915
986,px95dqer,z1plx5ri,26,1,16,8.4,1.0,0.875,-0.13,,,,,0.0
987,px95dqer,8tst1s28,26,2,16,8.3,1.0,0.99,-0.01,,,,,5.1499999999999915
988,px95dqer,z1plx5ri,26,1,17,8.2,1.0,0.99,-0.01,,,,,0.0
989,px95dqer,8tst1s28,26,2,17,8.3,1.0,0.99,-0.01,,,,,5.1499999999999915
990,px95dqer,z1plx5ri,26,1,18,8.2,1.0,0.99,-0.01,,,,,0.0
991,px95dqer,8tst1s28,26,2,18,8.3,1.0,0.99,-0.01,,,,,5.1499999999999915
992,px95dqer,z1plx5ri,26,1,19,8.2,1.0,0.99,-0.01,,,,,0.0
993,px95dqer,8tst1s28,26,2,19,8.1,1.0,0.99,-0.01,,,,,5.1499999999999915
994,px95dqer,z1plx5ri,26,1,20,8.4,1.0,0.875,-4.16,,,,,0.0
995,px95dqer,8tst1s28,26,2,20,8.5,0.0,0.75,-2.77,,,,,5.1499999999999915
996,px95dqer,z1plx5ri,26,1,21,8.2,1.0,0.99,-9.21,,,,,0.0
997,px95dqer,8tst1s28,26,2,21,8.3,0.0,0.5,-1.39,,,,,5.1499999999999915
998,px95dqer,z1plx5ri,26,1,22,8.3,1.0,0.99,-0.01,,,,,0.0
999,px95dqer,8tst1s28,26,2,22,8.4,1.0,0.99,-0.01,,,,,5.1499999999999915
1000,px95dqer,z1plx5ri,26,1,23,8.1,1.0,0.99,-9.21,Well if I was close to 9:00 I would be less certain especially if I met at 9:50 as my partner could possibly arrive at 9:00. At last it seemed like my partner just did not want to play any more.,1.0,8.3,2.0,0.0
1001,px95dqer,8tst1s28,26,2,23,8.0,0.0,0.5,-1.39,The winning one!,3.0,8.2,1.0,5.1499999999999915
1002,px95dqer,fihx7944,27,1,1,8.2,1.0,0.875,-0.13,,,,,1.6699999999999946
1003,px95dqer,jghl3ft6,27,2,1,8.3,1.0,0.875,-0.13,,,,,0.0
1004,px95dqer,fihx7944,27,1,2,8.1,1.0,0.99,-0.01,,,,,1.6699999999999946
1005,px95dqer,jghl3ft6,27,2,2,8.0,1.0,0.99,-0.01,,,,,0.0
1006,px95dqer,fihx7944,27,1,3,8.1,1.0,0.99,-0.01,,,,,1.6699999999999946
1007,px95dqer,jghl3ft6,27,2,3,8.2,1.0,0.875,-0.13,,,,,0.0
1008,px95dqer,fihx7944,27,1,4,8.2,1.0,0.99,-0.01,,,,,1.6699999999999946
1009,px95dqer,jghl3ft6,27,2,4,8.3,1.0,0.99,-0.01,,,,,0.0
1010,px95dqer,fihx7944,27,1,5,8.3,1.0,0.99,-0.01,,,,,1.6699999999999946
1011,px95dqer,jghl3ft6,27,2,5,8.4,1.0,0.99,-0.01,,,,,0.0
1012,px95dqer,fihx7944,27,1,6,8.4,1.0,0.99,-0.01,,,,,1.6699999999999946
1013,px95dqer,jghl3ft6,27,2,6,8.5,1.0,0.875,-0.13,,,,,0.0
1014,px95dqer,fihx7944,27,1,7,8.5,0.0,0.75,-2.77,,,,,1.6699999999999946
1015,px95dqer,jghl3ft6,27,2,7,9.0,1.0,0.875,-4.16,,,,,0.0
1016,px95dqer,fihx7944,27,1,8,9.0,0.0,0.625,-0.94,,,,,1.6699999999999946
1017,px95dqer,jghl3ft6,27,2,8,9.1,0.0,0.99,-0.02,,,,,0.0
1018,px95dqer,fihx7944,27,1,9,9.0,0.0,0.75,-0.58,,,,,1.6699999999999946
1019,px95dqer,jghl3ft6,27,2,9,9.1,0.0,0.99,-0.02,,,,,0.0
1020,px95dqer,fihx7944,27,1,10,8.1,1.0,0.99,-0.01,,,,,1.6699999999999946
1021,px95dqer,jghl3ft6,27,2,10,8.0,1.0,0.875,-0.13,,,,,0.0
1022,px95dqer,fihx7944,27,1,11,8.4,1.0,0.99,-9.21,,,,,1.6699999999999946
1023,px95dqer,jghl3ft6,27,2,11,8.5,0.0,0.875,-4.16,,,,,0.0
1024,px95dqer,fihx7944,27,1,12,8.5,1.0,0.625,-0.47,,,,,1.6699999999999946
1025,px95dqer,jghl3ft6,27,2,12,8.4,1.0,0.99,-0.01,,,,,0.0
1026,px95dqer,fihx7944,27,1,13,8.1,1.0,0.99,-0.01,,,,,1.6699999999999946
1027,px95dqer,jghl3ft6,27,2,13,8.2,1.0,0.99,-0.01,,,,,0.0
1028,px95dqer,fihx7944,27,1,14,8.3,1.0,0.99,-0.01,,,,,1.6699999999999946
1029,px95dqer,jghl3ft6,27,2,14,8.4,1.0,0.875,-0.13,,,,,0.0
1030,px95dqer,fihx7944,27,1,15,8.3,1.0,0.99,-0.01,,,,,1.6699999999999946
1031,px95dqer,jghl3ft6,27,2,15,8.2,1.0,0.99,-0.01,,,,,0.0
1032,px95dqer,fihx7944,27,1,16,8.4,1.0,0.75,-0.29,,,,,1.6699999999999946
1033,px95dqer,jghl3ft6,27,2,16,8.3,1.0,0.99,-0.01,,,,,0.0
1034,px95dqer,fihx7944,27,1,17,8.5,1.0,0.625,-1.96,,,,,1.6699999999999946
1035,px95dqer,jghl3ft6,27,2,17,9.0,1.0,0.75,-2.77,,,,,0.0
1036,px95dqer,fihx7944,27,1,18,8.2,1.0,0.99,-0.01,,,,,1.6699999999999946
1037,px95dqer,jghl3ft6,27,2,18,8.3,1.0,0.875,-0.13,,,,,0.0
1038,px95dqer,fihx7944,27,1,19,8.4,1.0,0.75,-0.29,,,,,1.6699999999999946
1039,px95dqer,jghl3ft6,27,2,19,8.5,1.0,0.99,-0.01,,,,,0.0
1040,px95dqer,fihx7944,27,1,20,9.0,0.0,0.75,-0.58,,,,,1.6699999999999946
1041,px95dqer,jghl3ft6,27,2,20,9.1,0.0,0.625,-0.94,,,,,0.0
1042,px95dqer,fihx7944,27,1,21,8.5,1.0,0.625,-1.96,,,,,1.6699999999999946
1043,px95dqer,jghl3ft6,27,2,21,9.0,1.0,0.875,-4.16,,,,,0.0
1044,px95dqer,fihx7944,27,1,22,8.4,1.0,0.75,-0.29,,,,,1.6699999999999946
1045,px95dqer,jghl3ft6,27,2,22,8.5,1.0,0.99,-0.01,,,,,0.0
1046,px95dqer,fihx7944,27,1,23,9.0,0.0,0.625,-0.94,,,,,1.6699999999999946
1047,px95dqer,jghl3ft6,27,2,23,9.1,0.0,0.75,-0.58,,,,,0.0
1048,px95dqer,fihx7944,27,1,24,8.5,1.0,0.75,-0.29,,,,,1.6699999999999946
1049,px95dqer,jghl3ft6,27,2,24,8.4,1.0,0.99,-0.01,,,,,0.0
1050,px95dqer,fihx7944,27,1,25,8.2,1.0,0.99,-0.01,,,,,1.6699999999999946
1051,px95dqer,jghl3ft6,27,2,25,8.3,1.0,0.99,-0.01,,,,,0.0
1052,px95dqer,fihx7944,27,1,26,8.2,1.0,0.99,-0.01,,,,,1.6699999999999946
1053,px95dqer,jghl3ft6,27,2,26,8.1,1.0,0.99,-0.01,,,,,0.0
1054,px95dqer,fihx7944,27,1,27,8.5,1.0,0.625,-1.96,,,,,1.6699999999999946
1055,px95dqer,jghl3ft6,27,2,27,9.0,0.0,0.75,-2.77,,,,,0.0
1056,px95dqer,fihx7944,27,1,28,8.2,1.0,0.99,-0.01,,,,,1.6699999999999946
1057,px95dqer,jghl3ft6,27,2,28,8.3,1.0,0.99,-0.01,,,,,0.0
1058,px95dqer,fihx7944,27,1,29,9.0,0.0,0.75,-2.77,,,,,1.6699999999999946
1059,px95dqer,jghl3ft6,27,2,29,8.5,1.0,0.99,-9.21,,,,,0.0
1060,px95dqer,fihx7944,27,1,30,9.0,0.0,0.75,-2.77,Only choosing office if I arrived at 9:00 or 9:10,1.0,6.0,3.0,1.6699999999999946
1061,px95dqer,jghl3ft6,27,2,30,8.5,1.0,0.875,-4.16,"Well, that's sad",1.0,8.5,3.0,0.0
